muN,mu1,mu2,alpha1,alpha2,beta1,beta2
8.74080052571525e-06,2.43129319623601e-05,8.81554548785934e-05,1.9291826741326,8.02943505064172,1.74910338790791,0.230632628571733
8.14222794314185e-05,2.00428525933091e-05,0.00053616775421749,2.53694373695034,1.16240050714432,2.29628406297541,0.859901756610067
6.15431710913015e-05,1.45425325343488e-05,0.00102117153789028,3.39541149784452,0.514304882386808,3.15455431741355,0.22643437257803
6.15431710913015e-05,1.45425325343488e-05,0.00102117153789028,3.39541149784452,0.514304882386808,3.15455431741355,0.22643437257803
6.15429153723664e-05,2.07874006438093e-05,0.000726591026670972,2.11694135852674,0.849360378326411,1.86860357278989,0.579080639936421
8.14220700797968e-05,3.94598123031168e-05,0.000185847762713509,1.61457907518392,1.94627427589202,1.389757136348,1.58133915486368
8.1422815103263e-05,3.50531439485537e-05,0.000299437702687599,1.85834634230306,1.15004627504719,1.6352096288652,0.833546002539723
6.15428898412942e-05,6.07994059709306e-06,0.000923832693611672,6.94390003500486,0.740538791781469,6.69261578044526,0.289876910249507
6.15428898412942e-05,6.07994059709306e-06,0.000923832693611672,6.94390003500486,0.740538791781469,6.69261578044526,0.289876910249507
6.15436532300047e-05,3.99554987095753e-05,0.000485480498597798,1.5053032999553,0.62162377753357,1.27845211403337,0.361575059063605
6.15436532300047e-05,3.99554987095753e-05,0.000485480498597798,1.5053032999553,0.62162377753357,1.27845211403337,0.361575059063605
8.14217591083522e-05,1.68093266300983e-05,0.000267811930925412,2.6939747075301,2.78135693526668,2.44573198386717,2.33165678921381
8.14227766626521e-05,1.31566469573927e-05,0.000493137478943024,3.64057412410531,1.48508931024303,3.39582846351501,1.09865786035559
8.14227766626521e-05,1.31566469573927e-05,0.000493137478943024,3.64057412410531,1.48508931024303,3.39582846351501,1.09865786035559
6.15423814901104e-05,4.49545616618679e-05,0.000162127708096281,1.41762477785447,1.64241988196372,1.19494374301306,1.24799395604274
8.14210483638961e-05,6.03400468700533e-05,0.00036526450901059,1.26608445424316,0.434285998237785,1.05567496231859,0.209199474347565
8.14210483638961e-05,6.03400468700533e-05,0.00036526450901059,1.26608445424316,0.434285998237785,1.05567496231859,0.209199474347565
8.14210483638961e-05,6.03400468700533e-05,0.00036526450901059,1.26608445424316,0.434285998237785,1.05567496231859,0.209199474347565
8.14240102188712e-05,3.33984762549965e-05,0.000284881028940939,1.45586971828,2.46899393180585,1.21212475568129,2.15268025168092
8.14240102188712e-05,3.33984762549965e-05,0.000284881028940939,1.45586971828,2.46899393180585,1.21212475568129,2.15268025168092
6.15423202134551e-05,1.70735743902681e-05,0.000868984960155325,2.79780883276602,0.641345412707746,2.55472325055327,0.356140700723842
8.14239289387702e-05,1.68110122783282e-05,0.00034070513061956,3.29592895622531,1.46101168286479,3.06132952427829,1.05284965423178
6.15414946207512e-05,3.49714505858097e-05,0.000358153293519302,1.62244010474548,1.12750491196283,1.39134676229467,0.803723490217127
8.14217684187545e-05,1.57186236118116e-05,0.000265675619924093,2.23635518633328,4.49320068807828,1.97204327007754,4.04742103716044
8.14217684187545e-05,1.57186236118116e-05,0.000265675619924093,2.23635518633328,4.49320068807828,1.97204327007754,4.04742103716044
6.15428216939161e-05,7.39383214888973e-06,0.0011532008005292,3.97406790827252,1.15458503455123,3.70045773887465,0.818962264576624
6.15428216939161e-05,7.39383214888973e-06,0.0011532008005292,3.97406790827252,1.15458503455123,3.70045773887465,0.818962264576624
8.1425508520727e-05,2.14213582060998e-05,0.00075321075596496,2.62939481861153,0.502699579718476,2.3959815159795,0.262256686309375
8.1425508520727e-05,2.14213582060998e-05,0.00075321075596496,2.62939481861153,0.502699579718476,2.3959815159795,0.262256686309375
5.25080914170998e-05,5.9897404679087e-05,0.000164538769241687,0.580206414005251,5.42503503677237,0.318400134489254,5.07895733164139
5.25080914170998e-05,5.9897404679087e-05,0.000164538769241687,0.580206414005251,5.42503503677237,0.318400134489254,5.07895733164139
6.15452017849679e-05,4.00719169088427e-05,0.000394433626830727,1.53110807524178,0.805564470755587,1.30593307584077,0.513488628946957
6.15403364342614e-05,2.5729842790849e-05,0.000467311559087503,2.3636841768667,0.716944871114303,2.13782095065995,0.386730291217886
6.15403364342614e-05,2.5729842790849e-05,0.000467311559087503,2.3636841768667,0.716944871114303,2.13782095065995,0.386730291217886
6.15452743931376e-05,1.03004164617029e-05,0.00152939237926886,4.03312701295322,0.424219510932012,3.78098385274339,0.164765537977768
8.14286605027643e-05,2.11382669667769e-05,0.000262147726688927,2.63109995964066,1.85893077827027,2.39682170418378,1.44569415052824
8.14286605027643e-05,2.11382669667769e-05,0.000262147726688927,2.63109995964066,1.85893077827027,2.39682170418378,1.44569415052824
8.14286605027643e-05,2.11382669667769e-05,0.000262147726688927,2.63109995964066,1.85893077827027,2.39682170418378,1.44569415052824
8.1429571128492e-05,2.2399933855057e-05,0.000259656425344291,2.67286802712376,1.57050492195951,2.4436424026832,1.16712738752594
8.14286137863977e-05,2.00344671420104e-05,0.000148150760279956,2.33044117735115,3.92934718889612,2.08404373614825,3.41651845756015
8.14286137863977e-05,2.00344671420104e-05,0.000148150760279956,2.33044117735115,3.92934718889612,2.08404373614825,3.41651845756015
6.15431078620913e-05,3.36451888873362e-05,0.000289449069818446,1.0588266586709,3.51807611200695,0.796769452954721,3.18862002989749
6.15431078620913e-05,3.36451888873362e-05,0.000289449069818446,1.0588266586709,3.51807611200695,0.796769452954721,3.18862002989749
8.14237013453011e-05,1.30800763987554e-05,0.000354290811199943,3.50526661655635,2.09188591074753,3.25768444791788,1.65200923671684
8.14237013453011e-05,1.30800763987554e-05,0.000354290811199943,3.50526661655635,2.09188591074753,3.25768444791788,1.65200923671684
6.15355233690763e-05,2.69845378581536e-05,0.000578464182818666,2.08900726255873,0.675523546615564,1.85740640192522,0.387086968821419
8.14185819500691e-05,3.21246317934735e-05,0.000154503273804715,1.22866144145374,6.64989848751455,0.971521495465082,6.23202115970876
8.14185819500691e-05,3.21246317934735e-05,0.000154503273804715,1.22866144145374,6.64989848751455,0.971521495465082,6.23202115970876
6.15491635523314e-05,1.12279748288279e-05,0.00120062422203191,3.24612729059,0.705423266278409,2.98556775235509,0.435473431059085
6.15491635523314e-05,1.12279748288279e-05,0.00120062422203191,3.24612729059,0.705423266278409,2.98556775235509,0.435473431059085
7.37366349100514e-05,3.49338001749865e-05,0.000157455974235296,1.6925932268074,2.33276419901711,1.46323922185921,1.91337470007159
7.37366349100514e-05,3.49338001749865e-05,0.000157455974235296,1.6925932268074,2.33276419901711,1.46323922185921,1.91337470007159
6.15441579119954e-05,2.43756769815455e-05,0.000135430998601643,2.06400090738907,2.58830176037587,1.82457207937079,2.067177244698
8.14313845064853e-05,3.13326856478539e-05,0.000325147262126113,1.75147765007962,1.66228557595036,1.51597520551248,1.34729981917674
8.14313845064853e-05,3.13326856478539e-05,0.000325147262126113,1.75147765007962,1.66228557595036,1.51597520551248,1.34729981917674
6.15259738116372e-05,5.19233018067406e-06,0.000939773959509481,3.59182662425499,2.31254262053729,3.29234809058311,1.93115917362266
6.15259738116372e-05,5.19233018067406e-06,0.000939773959509481,3.59182662425499,2.31254262053729,3.29234809058311,1.93115917362266
8.14059999274716e-05,3.89685604546008e-05,0.000178601208987152,1.3689548939049,3.24372016913594,1.13156587714446,2.87196211507518
8.14059999274716e-05,3.89685604546008e-05,0.000178601208987152,1.3689548939049,3.24372016913594,1.13156587714446,2.87196211507518
8.14059999274716e-05,3.89685604546008e-05,0.000178601208987152,1.3689548939049,3.24372016913594,1.13156587714446,2.87196211507518
8.14064923578593e-05,3.22680785081168e-05,0.000125296519489186,2.0169786957128,2.21124574646259,1.79375012244662,1.76828618675005
8.14469754179696e-05,4.68987311650705e-05,0.000168103734234616,1.43950338392194,1.82181704546945,1.21911984547513,1.46863197267213
7.35883445166812e-05,1.45966794313558e-05,0.000870294251043591,2.9674686219526,0.829406240018739,2.71680182748978,0.558051720458564
7.35883445166812e-05,1.45966794313558e-05,0.000870294251043591,2.9674686219526,0.829406240018739,2.71680182748978,0.558051720458564
6.15225081148094e-05,4.8445129947267e-05,0.000432946565643512,1.17395597721716,0.720983933290473,0.943074674567979,0.478040893951992
6.15225081148094e-05,4.8445129947267e-05,0.000432946565643512,1.17395597721716,0.720983933290473,0.943074674567979,0.478040893951992
8.13877659819036e-05,4.97483475296928e-05,0.000426859965847236,1.63122020950912,0.339741836315859,1.42596532160704,0.105264431395182
8.13877659819036e-05,4.97483475296928e-05,0.000426859965847236,1.63122020950912,0.339741836315859,1.42596532160704,0.105264431395182
6.15159561079321e-05,9.3099905198965e-06,0.00115748726465861,4.48701727473826,0.676860211013003,4.23525338395112,0.343445280524637
6.15521560466841e-05,2.54905794155267e-05,0.000924623866901058,2.21965707485008,0.293048260298723,1.98841280508205,0.0680443457761767
8.14474423054417e-05,2.34494610998879e-05,0.000191534669343827,1.70802947578673,5.08784892105011,1.45183383911725,4.65264223130397
8.14481147087936e-05,1.76645898124402e-05,0.000149847330553261,3.55251864539885,1.63263153101583,3.32671374741825,1.12764316501429
8.14513406829106e-05,3.1699200081615e-05,0.000168779546821854,1.70400378863718,3.16076171880672,1.46740990453911,2.74719985030304
8.14635211130865e-05,2.26041210283883e-05,0.000184345545809554,1.71041794493344,5.48193162449202,1.45216194649885,5.03161225882154
6.15131298818212e-05,1.78426992799408e-05,0.000375866846868974,1.10773020144768,5.23630315007185,0.811571262033464,4.92155036353823
7.4164190738488e-05,2.56753342667341e-05,0.000306460184183788,1.56376331995111,3.14254716036531,1.30829151956862,2.78959968452907
7.4164190738488e-05,2.56753342667341e-05,0.000306460184183788,1.56376331995111,3.14254716036531,1.30829151956862,2.78959968452907
6.15695283643757e-05,6.67607973282628e-06,0.000108972861686474,5.82010660768616,2.11335693155304,5.56371852777089,1.35728748092614
6.15695283643757e-05,6.67607973282628e-06,0.000108972861686474,5.82010660768616,2.11335693155304,5.56371852777089,1.35728748092614
6.15143651837227e-05,1.65915218932415e-05,0.00109735409469595,3.17483540268786,0.371850127356643,2.93841256087986,0.112567802269185
7.4226247246806e-05,3.82140725248041e-05,0.000453432868374668,1.72222720109126,0.592285513302517,1.50069418779411,0.336197289785947
8.14748180307756e-05,8.51374232365841e-05,0.000281735614616679,1.00630892821968,0.40910272933357,0.806447155982845,0.184674696043486
8.14748180307756e-05,8.51374232365841e-05,0.000281735614616679,1.00630892821968,0.40910272933357,0.806447155982845,0.184674696043486
8.1347276218354e-05,4.33866977977271e-05,0.000184509980998508,1.24299724400902,3.11204826171174,1.00636006504128,2.75863037734912
8.1347276218354e-05,4.33866977977271e-05,0.000184509980998508,1.24299724400902,3.11204826171174,1.00636006504128,2.75863037734912
8.1347276218354e-05,4.33866977977271e-05,0.000184509980998508,1.24299724400902,3.11204826171174,1.00636006504128,2.75863037734912
8.13506571624989e-05,2.85343376975445e-05,0.000257259530902618,1.38223327941896,4.14207983931082,1.12525733324093,3.79267759287138
7.31399674381729e-05,5.79127603766903e-05,0.000344937000569998,0.985671552458792,0.853769772864881,0.754084554268142,0.63003038535063
7.30921033651927e-05,3.76077501747134e-05,0.000337483415698824,1.62150414580346,1.10134017867974,1.39450931328724,0.798961062667218
7.30921033651927e-05,3.76077501747134e-05,0.000337483415698824,1.62150414580346,1.10134017867974,1.39450931328724,0.798961062667218
7.45280799803841e-05,6.06533955149088e-05,0.000407611243273983,1.202664400413,0.376402750998931,0.989335496195586,0.160218040025754
7.29436251967807e-05,1.45173537594438e-05,0.000487076198809636,3.1890525065649,1.46902095745514,2.94293546599429,1.08177403570765
8.14918016116198e-05,2.20642848280385e-05,0.000255378528594036,2.82506953911867,1.39699741615389,2.59882368558294,0.991922598688629
8.13072067557995e-05,4.96067841589465e-05,0.000226183802122115,1.35222465713498,1.38614205060324,1.13148197868011,1.0807636791363
8.15245429964576e-05,1.81949552104678e-05,0.000495401464343251,3.111093390932,1.0226089714327,2.87784054008932,0.683699252749115
7.28987420359079e-05,1.74807988504742e-05,0.000567348108858467,2.16968813896095,1.72842231235328,1.91082023264346,1.42563053343885
8.14760438278832e-05,2.97994688388838e-05,0.000101968481118679,1.5856364681287,5.93499239974898,1.33985839685265,5.43894253564307
8.14760438278832e-05,2.97994688388838e-05,0.000101968481118679,1.5856364681287,5.93499239974898,1.33985839685265,5.43894253564307
7.26594186481862e-05,1.49981701829905e-05,0.000433727728522422,2.83580926923359,1.94067099561336,2.58415839883842,1.54121229915929
7.26594186481862e-05,1.49981701829905e-05,0.000433727728522422,2.83580926923359,1.94067099561336,2.58415839883842,1.54121229915929
7.27347897675076e-05,1.52329048926162e-05,0.00109730655522213,4.2043121356108,0.266560124960393,3.98099326117907,0.00169149194213936
7.27347897675076e-05,1.52329048926162e-05,0.00109730655522213,4.2043121356108,0.266560124960393,3.98099326117907,0.00169149194213936
7.49000733943937e-05,1.25458096227337e-05,0.000983403614890521,4.55037104165277,0.455119198412791,4.31822114960617,0.154591696997073
7.25304546134591e-05,1.6923376432857e-05,0.000204432569687774,2.83913980043049,2.43178091077811,2.59590208980795,1.9303945208836
7.25304546134591e-05,1.6923376432857e-05,0.000204432569687774,2.83913980043049,2.43178091077811,2.59590208980795,1.9303945208836
7.24648161113579e-05,4.22425449258401e-06,0.00157105177610914,7.59170029840782,0.856211745818666,7.32261077164668,0.480714554627207
7.25614829827255e-05,3.65706849940228e-05,0.000359968272533987,1.47959956026584,1.34274672692148,1.24403106006369,1.05266004530479
7.50970284984814e-05,2.16551839689009e-05,0.000508932391189972,2.68163642651235,0.868067204329107,2.45064371899944,0.549779649027204
7.50970284984814e-05,2.16551839689009e-05,0.000508932391189972,2.68163642651235,0.868067204329107,2.45064371899944,0.549779649027204
7.51262724741652e-05,3.55995844057977e-05,0.00023778067365682,1.40074989289717,2.71491617056659,1.15921042109822,2.36358606907791
8.14740018223013e-05,2.10847892341985e-05,0.000158336060562296,2.39576306276718,3.30321077829394,2.15450230764027,2.81402670411601
8.14740018223013e-05,2.10847892341985e-05,0.000158336060562296,2.39576306276718,3.30321077829394,2.15450230764027,2.81402670411601
7.20683930905191e-05,4.04529618536741e-05,0.000357430005055585,1.30543568739848,1.33705352111905,1.06853233896442,1.06389874055115
6.13486968446662e-05,9.71613360413835e-06,0.000769216951291313,3.41354200468123,1.48889416471652,3.14706654000235,1.11035326606736
7.14882762674663e-05,1.60600020052066e-05,0.000704733325177541,2.96872240753248,0.92274769555069,2.72468909427628,0.61556804946416
7.18232694326961e-05,1.59799631604377e-05,0.00106884578045416,2.93303146599783,0.435764919704413,2.68780508463812,0.206446320408155
7.19801828721894e-05,1.16109579520944e-05,0.00023582991829976,3.43030488956751,2.82186907802848,3.17459158052307,2.27910709575278
7.16801046767766e-05,9.1419827200987e-06,0.00108156401377986,4.31367524861017,0.869935235966591,4.05749160254355,0.551197873201865
7.16801046767766e-05,9.1419827200987e-06,0.00108156401377986,4.31367524861017,0.869935235966591,4.05749160254355,0.551197873201865
7.11955307048755e-05,7.37076455785209e-06,0.000693014700805114,4.67719592004052,1.61862579571867,4.41277128542996,1.18179816458332
7.57405978072887e-05,2.84052269005116e-05,0.000140121055905582,2.19798304663797,2.03321805451449,1.97221189723676,1.57595170812809
7.57405978072887e-05,2.84052269005116e-05,0.000140121055905582,2.19798304663797,2.03321805451449,1.97221189723676,1.57595170812809
7.13767559331661e-05,1.5399187034827e-05,0.000233780591652366,2.26498087243937,4.16581112075003,2.00115550325627,3.66906324054274
7.13767559331661e-05,1.5399187034827e-05,0.000233780591652366,2.26498087243937,4.16581112075003,2.00115550325627,3.66906324054274
7.13767559331661e-05,1.5399187034827e-05,0.000233780591652366,2.26498087243937,4.16581112075003,2.00115550325627,3.66906324054274
7.13767559331661e-05,1.5399187034827e-05,0.000233780591652366,2.26498087243937,4.16581112075003,2.00115550325627,3.66906324054274
7.13270016125741e-05,2.32373582866508e-05,0.00072267637330803,2.17755880028646,0.608611090361131,1.93780692184821,0.36626679547355
7.13270016125741e-05,2.32373582866508e-05,0.00072267637330803,2.17755880028646,0.608611090361131,1.93780692184821,0.36626679547355
8.1173648652887e-05,2.68597751398908e-05,0.000245307973698506,1.9197791800948,2.54413119022788,1.68005230136041,2.16107993794885
8.12418572827629e-05,3.79624857861755e-05,0.000248203179502774,1.76561680877041,1.30029674814641,1.54453576637102,0.969238491514381
8.12418572827629e-05,3.79624857861755e-05,0.000248203179502774,1.76561680877041,1.30029674814641,1.54453576637102,0.969238491514381
7.61716639130585e-05,1.53436206966835e-05,0.000336817517665674,2.27492237327009,3.58258012374893,2.01037124142725,3.16250504381226
7.61716639130585e-05,1.53436206966835e-05,0.000336817517665674,2.27492237327009,3.58258012374893,2.01037124142725,3.16250504381226
8.10276736225593e-05,2.83088582356666e-05,0.000368509056771008,2.12375889502062,1.17951615903264,1.89449327795661,0.861769481203589
6.1638165419893e-05,4.76410652953177e-05,0.000203859290591418,1.18700123294226,2.00378046717317,0.955669063730054,1.64378570064311
7.70179564365149e-05,4.59844452531516e-05,0.000192260567698957,1.21427014947684,2.65446326648847,0.980255729151946,2.30861125440376
7.09842893422431e-05,3.21160525747602e-05,0.000418293671851764,1.75416806468848,1.04753053047799,1.5216755608298,0.754840529762823
6.11969383331932e-05,8.21520965477638e-06,0.00050633934706073,6.09830107180525,0.800925425353847,5.85826693734193,0.307620681670526
6.11969383331932e-05,8.21520965477638e-06,0.00050633934706073,6.09830107180525,0.800925425353847,5.85826693734193,0.307620681670526
8.09947487111892e-05,3.80598421909416e-05,0.000374199360919639,1.74204247163097,0.821601415014681,1.52026940531217,0.547102896050259
6.11503236778327e-05,1.3779425482061e-05,0.000486399364231049,2.11629613211334,2.79515609940933,1.84207405578753,2.41257978601378
6.94895010581508e-05,5.7598892842035e-05,0.000328121023953794,1.03412722754593,0.939050079719132,0.805972880963661,0.6940970822454
6.93378354116445e-05,2.46585366668372e-05,0.000820436635341171,2.44489958553756,0.343706117677061,2.2178130981982,0.105612109470764
6.93378354116445e-05,2.46585366668372e-05,0.000820436635341171,2.44489958553756,0.343706117677061,2.2178130981982,0.105612109470764
6.93378354116445e-05,2.46585366668372e-05,0.000820436635341171,2.44489958553756,0.343706117677061,2.2178130981982,0.105612109470764
8.13211474172512e-05,8.40712327923059e-06,0.000133482681600858,4.47610856760176,4.13714904712294,4.21575153977043,3.46940705738694
7.7286430756502e-05,3.74064560147929e-05,0.000152755153034455,1.31326904747396,4.2654936236836,1.07051213857167,3.85572706415734
7.7286430756502e-05,3.74064560147929e-05,0.000152755153034455,1.31326904747396,4.2654936236836,1.07051213857167,3.85572706415734
7.7286430756502e-05,3.74064560147929e-05,0.000152755153034455,1.31326904747396,4.2654936236836,1.07051213857167,3.85572706415734
6.82517431588409e-05,2.24817546304376e-05,0.000809115484500842,2.38474017195349,0.472150511994136,2.14922900009494,0.22774210540905
6.82517431588409e-05,2.24817546304376e-05,0.000809115484500842,2.38474017195349,0.472150511994136,2.14922900009494,0.22774210540905
6.82517431588409e-05,2.24817546304376e-05,0.000809115484500842,2.38474017195349,0.472150511994136,2.14922900009494,0.22774210540905
6.8202128293035e-05,1.98893445034867e-05,0.000747985891765575,2.54966256838368,0.668856636487944,2.31067653731111,0.395671880826408
6.7983188272386e-05,6.956735458147e-06,0.00124905897823824,5.51186394271136,0.779361530091026,5.25423707567938,0.429045105248659
6.10049742960058e-05,7.5830252331803e-06,3.92124881507349e-05,4.97459855079126,3.30068703518349,4.71606792158075,2.43411759646714
8.1363306699189e-05,1.52952068798392e-05,5.23304841878049e-05,1.83179561496559,4.74030410026287,1.5539847078158,3.7731026739719
8.1363306699189e-05,1.52952068798392e-05,5.23304841878049e-05,1.83179561496559,4.74030410026287,1.5539847078158,3.7731026739719
6.72454144608329e-05,3.26289655195944e-05,0.000479641984295649,1.70280373508499,0.852138401796516,1.46998245307695,0.577108014879585
6.72454144608329e-05,3.26289655195944e-05,0.000479641984295649,1.70280373508499,0.852138401796516,1.46998245307695,0.577108014879585
8.10865262878754e-05,1.05959227314067e-05,7.66491011180551e-05,2.03789481707559,5.29942068052895,1.74522324382717,4.33251223865939
6.65681755730047e-05,4.85260979866618e-05,0.000218004880127746,1.26097012684394,1.57968961449221,1.03541354747889,1.24205500912219
6.65681755730047e-05,4.85260979866618e-05,0.000218004880127746,1.26097012684394,1.57968961449221,1.03541354747889,1.24205500912219
6.65681755730047e-05,4.85260979866618e-05,0.000218004880127746,1.26097012684394,1.57968961449221,1.03541354747889,1.24205500912219
6.65681755730047e-05,4.85260979866618e-05,0.000218004880127746,1.26097012684394,1.57968961449221,1.03541354747889,1.24205500912219
6.50079275971803e-05,3.25050526030435e-06,0.000688802572587587,5.3688459632088,2.81159674841142,5.06610603858046,2.26894987420119
8.10396711098828e-05,8.61464148328845e-06,9.49168063595697e-05,4.57644460047255,4.19272353464142,4.31896222123599,3.47755441490961
7.77784383581403e-05,5.99414470540373e-05,0.000400224974278856,1.24919354608979,0.395050053221651,1.03757888753755,0.175254368326486
6.2523403257495e-06,1.75935723267121e-05,0.00269210159234892,1.42944301746073,0.557060550010272,1.14722566416664,0.107895046952767
8.2054105069665e-06,2.04218434112287e-05,0.00184199310083872,1.07740167975603,1.17795408742493,0.786498732115264,0.753128321883959
8.20074806448579e-06,6.99869304643879e-05,0.00137992876493337,0.607537006764079,0.624982099705767,0.355776249463889,0.317935562561835
8.20074806448579e-06,6.99869304643879e-05,0.00137992876493337,0.607537006764079,0.624982099705767,0.355776249463889,0.317935562561835
8.20537014442347e-06,2.36863406475157e-05,0.000471341971224662,1.3538472042402,1.36914076042695,1.08441413892116,0.67455585041459
8.20537014442347e-06,2.36863406475157e-05,0.000471341971224662,1.3538472042402,1.36914076042695,1.08441413892116,0.67455585041459
8.20561937003471e-06,1.44181857984482e-05,0.00058597159941428,0.789420873384383,4.23128707493684,0.46314539157023,3.57287303289469
8.20561937003471e-06,1.44181857984482e-05,0.00058597159941428,0.789420873384383,4.23128707493684,0.46314539157023,3.57287303289469
8.20554004805205e-06,2.56708338311814e-05,0.000780164033436683,0.974312049439363,1.84040555012283,0.690387387042166,1.26628350542293
8.20554004805205e-06,2.56708338311814e-05,0.000780164033436683,0.974312049439363,1.84040555012283,0.690387387042166,1.26628350542293
8.20215709864306e-06,1.90518744213792e-05,0.00133860001855868,1.85808750661527,0.66360022174896,1.59474187649153,0.10618968075481
8.20449414606753e-06,1.13858762768333e-05,0.0013404764186017,2.56098848610548,0.674736019310781,2.28617735734585,0.0233144090903482
8.20449414606753e-06,1.13858762768333e-05,0.0013404764186017,2.56098848610548,0.674736019310781,2.28617735734585,0.0233144090903482
8.20449414606753e-06,1.13858762768333e-05,0.0013404764186017,2.56098848610548,0.674736019310781,2.28617735734585,0.0233144090903482
6.16437982304024e-05,2.51397709461759e-05,0.000577546345180867,2.54959729873229,0.511834647957528,2.32816004882105,0.204034352306144
6.16437982304024e-05,2.51397709461759e-05,0.000577546345180867,2.54959729873229,0.511834647957528,2.32816004882105,0.204034352306144
8.20551612684283e-06,1.20149877988833e-05,0.000800531414881405,2.38333013899891,0.864590898182581,2.10736259186936,0.135150171677328
8.17756786415768e-06,2.31762381725651e-05,0.00129131607724474,1.55482241030821,0.723284035787773,1.29273723500207,0.195814810982795
8.17756786415768e-06,2.31762381725651e-05,0.00129131607724474,1.55482241030821,0.723284035787773,1.29273723500207,0.195814810982795
8.22530996849798e-06,2.51846332711919e-05,0.000887552894562288,1.41788876180222,0.916175748273321,1.15525703929543,0.339860645248536
8.22530996849798e-06,2.51846332711919e-05,0.000887552894562288,1.41788876180222,0.916175748273321,1.15525703929543,0.339860645248536
6.91481656032794e-05,1.70551492911631e-05,0.000508040245811966,3.20685981046346,0.984754570348313,2.97254377621899,0.619253935199124
6.91481656032794e-05,1.70551492911631e-05,0.000508040245811966,3.20685981046346,0.984754570348313,2.97254377621899,0.619253935199124
8.20518871312333e-06,4.25108013235001e-05,0.00147077353090566,1.01205145426102,0.601857923527244,0.760854485170515,0.206196364528648
8.20560165567547e-06,3.1056645508851e-05,0.000515648329352954,1.62676494709275,0.610303807320425,1.38611280641435,5.05873031593588e-05
8.20560165567547e-06,3.1056645508851e-05,0.000515648329352954,1.62676494709275,0.610303807320425,1.38611280641435,5.05873031593588e-05
8.20560165567547e-06,3.1056645508851e-05,0.000515648329352954,1.62676494709275,0.610303807320425,1.38611280641435,5.05873031593588e-05
8.20528736149687e-06,1.6305340340464e-06,0.00159140626159055,5.88579311105376,0.889123001587604,5.55065755954757,0.00717762872313241
8.20528736149687e-06,1.6305340340464e-06,0.00159140626159055,5.88579311105376,0.889123001587604,5.55065755954757,0.00717762872313241
8.20524557469966e-06,1.77292869376276e-05,0.000335009735289368,1.41335340223679,1.93357887473331,1.12977556989121,1.13374771949934
7.81329384390614e-06,3.51476978922344e-05,0.00111241793473089,1.20062817493764,0.654021203052044,0.948646694220615,0.167691605155187
7.81329384390614e-06,3.51476978922344e-05,0.00111241793473089,1.20062817493764,0.654021203052044,0.948646694220615,0.167691605155187
8.20687645351474e-06,1.13107423588162e-05,0.000908450354895319,1.85440523218085,1.38596941582203,1.56057938380175,0.690373141058108
7.87783123034045e-06,3.04289494777329e-05,0.000439361074590801,1.27469978715444,1.04718505818274,1.01758590737973,0.382968315093097
8.21633543308676e-06,8.4452694601358e-06,0.00202012973535954,2.89278083714717,0.647685066486715,2.60778666430149,0.0263582359144809
8.21633543308676e-06,8.4452694601358e-06,0.00202012973535954,2.89278083714717,0.647685066486715,2.60778666430149,0.0263582359144809
8.21633543308676e-06,8.4452694601358e-06,0.00202012973535954,2.89278083714717,0.647685066486715,2.60778666430149,0.0263582359144809
8.20553029046004e-06,8.31634933538038e-05,0.000407278310389965,0.436859507657293,2.54719675705225,0.17498729134721,2.06031751570631
6.59071621784608e-05,5.1803734576725e-05,0.000441909614145911,1.12369849687243,0.625385613897287,0.894380077790421,0.40033294255432
6.59071621784608e-05,5.1803734576725e-05,0.000441909614145911,1.12369849687243,0.625385613897287,0.894380077790421,0.40033294255432
6.07598119529368e-05,2.87797594476109e-05,0.00063569677136071,1.47970900428062,0.859285858763176,1.22887875465449,0.625615103939121
6.07598119529368e-05,2.87797594476109e-05,0.00063569677136071,1.47970900428062,0.859285858763176,1.22887875465449,0.625615103939121
8.20574774788367e-06,2.61134734817046e-05,0.000472257249074806,1.27873475850324,1.41614323825698,1.01187248789177,0.745312425115611
8.20569835891119e-05,1.66721337977033e-05,0.000198310166834475,3.02003182307082,2.77644529386136,2.77888687926695,2.28254797990788
8.2598092276713e-06,1.83547520183669e-05,0.00162267966024722,1.9431091298014,0.589558355487493,1.68047942367817,0.0581719350610944
7.84707223487505e-06,3.92954495983801e-05,0.00138396257966687,0.92126791392625,0.806280621562571,0.659920498273309,0.389574180228285
7.67132439810717e-05,2.42104122443155e-05,7.86047523361919e-06,1.90477342478619,6.21061237373604,1.65809939019225,5.25736826398626
8.2125548176149e-06,2.9874646753702e-05,0.00174903777495515,1.38804111654054,0.523279138771465,1.13470907133183,0.0919258215079278
6.05253509474504e-05,3.66097689971624e-05,0.000256540870919676,1.33559934745091,2.32814319138772,1.09374360523537,1.96457522584096
8.23983861275679e-05,9.76486249285848e-06,8.47830191538288e-05,3.61430954359365,6.18802946855552,3.35055831625823,5.48012641738488
8.23983861275679e-05,9.76486249285848e-06,8.47830191538288e-05,3.61430954359365,6.18802946855552,3.35055831625823,5.48012641738488
8.11551703331838e-05,1.780474359153e-05,3.28563408427286e-05,2.22399911946707,3.44210449796072,1.9670947424603,2.48279013611553
8.34525667249628e-05,4.56141112443221e-05,6.98751076817003e-07,1.33931395353556,4.71368568992812,1.11206127777071,3.69422117829112
7.55163542719728e-05,1.41331327383961e-05,0.000781865804273916,3.83414493972547,0.742028662876128,3.59842435776117,0.421909721919408
7.55163542719728e-05,1.41331327383961e-05,0.000781865804273916,3.83414493972547,0.742028662876128,3.59842435776117,0.421909721919408
7.55163542719728e-05,1.41331327383961e-05,0.000781865804273916,3.83414493972547,0.742028662876128,3.59842435776117,0.421909721919408
8.20531728033954e-06,2.23842372601374e-05,0.00196033057028477,1.48026777070252,0.690528298057942,1.21313067234868,0.251293958568093
8.20531728033954e-06,2.23842372601374e-05,0.00196033057028477,1.48026777070252,0.690528298057942,1.21313067234868,0.251293958568093
7.41577122756969e-06,8.8817786990608e-06,0.00153511927659715,1.51081584155404,1.49099209035142,1.19401089569343,0.886834916265872
7.54967632434914e-06,3.69790666504105e-05,0.00108209565369741,1.19364308722573,0.583581143480376,0.945171208849704,0.100935925178815
8.19062965917855e-05,8.82347465894227e-06,0.000141316840085191,4.21228656409577,4.58706972485615,3.95158925856699,3.93099125270889
8.19062965917855e-05,8.82347465894227e-06,0.000141316840085191,4.21228656409577,4.58706972485615,3.95158925856699,3.93099125270889
8.20651374750541e-06,8.98874703352782e-06,0.00292703106414593,2.98899219516151,0.533143569788598,2.70912336255926,9.43457185907049e-05
8.20010129611897e-05,3.96786271197858e-05,8.00439768732005e-05,1.37267982948564,5.50105664184345,1.13647266151834,4.99682803635243
8.20010129611897e-05,3.96786271197858e-05,8.00439768732005e-05,1.37267982948564,5.50105664184345,1.13647266151834,4.99682803635243
8.1687640510363e-06,1.53067678843682e-05,0.00183543086180144,1.25061380035451,1.36199544055102,0.951689566001232,0.900850391293189
8.1987999348645e-06,3.35917030899886e-05,0.00112014096544063,1.16228390084248,0.871069658799449,0.904923400997924,0.382419604295326
8.1987999348645e-06,3.35917030899886e-05,0.00112014096544063,1.16228390084248,0.871069658799449,0.904923400997924,0.382419604295326
8.07709948798227e-06,3.29170333907983e-05,0.00151609406978569,1.29827409330542,0.523873258161321,1.04660349382931,0.107287934607001
8.07709948798227e-06,3.29170333907983e-05,0.00151609406978569,1.29827409330542,0.523873258161321,1.04660349382931,0.107287934607001
7.75685704219924e-06,2.65349575519491e-05,0.00202194085829982,1.52994249020978,0.45877559142906,1.27558550796037,0.0124993909381294
8.18707068338003e-06,3.64983992718e-05,0.00166800867887391,1.25671497756605,0.501619402606731,1.00970343523233,0.0870693672533333
8.18707068338003e-06,3.64983992718e-05,0.00166800867887391,1.25671497756605,0.501619402606731,1.00970343523233,0.0870693672533333
8.20875225447085e-06,1.57555185122528e-05,0.0010665117161908,1.72272009258358,1.12358113538896,1.44319674770384,0.510388202691937
8.21582158199908e-06,2.03837836743107e-05,0.00223998027890532,1.87822628462078,0.495456875033816,1.61949382476947,0.0466835849443426
8.21582158199908e-06,2.03837836743107e-05,0.00223998027890532,1.87822628462078,0.495456875033816,1.61949382476947,0.0466835849443426
5.89466204189893e-05,5.38476786967453e-06,0.000736942964406526,6.21274793494909,1.23275077913582,5.94635554696056,0.724780588945018
8.16312999054606e-05,3.33795225853407e-05,0.000113877207061531,2.06845495522113,2.39121534706412,1.84962049711228,1.93600887513821
8.25069353416646e-06,3.56849548644117e-05,0.000747568361737021,1.52457503220736,0.537450269675859,1.28912417600655,1.82221218887394e-06
7.55127472167805e-05,5.92113197679057e-05,0.000347320528378102,1.310327593955,0.637300022983801,1.10145925865516,0.385633959073197
8.40638729822316e-06,2.19572627846624e-06,0.00287007918883468,5.09790052851329,0.745548880877462,4.77123554871373,5.04030721658482e-05
8.61098411804222e-05,6.05585159940149e-05,0.000481931628957618,1.34423280909451,0.201631690972551,1.14093170689032,0.00689007880566437
8.4758947185649e-06,2.02688360566846e-05,0.00137345841581763,1.91291077550781,0.569748369265205,1.65655171148195,0.03126971890001
8.78683041569929e-05,6.93185074038153e-06,0.000113819981520359,7.08386445613591,2.21096485129723,6.84195773521269,1.50578071219486
8.79387734016484e-05,9.79065394860886e-06,0.00016669352443515,4.16130518163623,3.8251027409759,3.90711344460408,3.21193904069861
8.80052761090535e-06,1.11270836376047e-05,0.000865412176952379,2.60320618558363,0.805467798063441,2.32924130351196,0.0784163453284754
8.15560784297343e-05,4.76131694328147e-05,0.000110011756852054,1.399050789896,3.59717922658984,1.17713239909924,3.17658015190547
8.85493551904389e-05,1.5672529156105e-05,0.000204499430833282,3.4834995631854,2.41307220881573,3.24862133304948,1.92012808306899
8.150712783338e-05,1.59693953069323e-05,0.000254193313080855,3.85223922171732,1.7571707191007,3.62467793306701,1.27820173799541
8.150712783338e-05,1.59693953069323e-05,0.000254193313080855,3.85223922171732,1.7571707191007,3.62467793306701,1.27820173799541
7.67763776736996e-05,1.65625895936114e-05,3.11677319642898e-05,3.05405417982385,2.01395377918405,2.81345214043158,1.05568447454077
7.67763776736996e-05,1.65625895936114e-05,3.11677319642898e-05,3.05405417982385,2.01395377918405,2.81345214043158,1.05568447454077
8.89960108397056e-06,3.22378800819703e-05,0.000701808759598657,1.17580688454145,1.12311969450952,0.918106973795276,0.559517411633773
8.31925734555285e-06,1.10289452335011e-05,0.00149239251638803,2.98970710598604,0.636322878965876,2.72201904404641,0.000100636784883681
8.79579180278759e-05,1.94864900573543e-05,0.00012060362653875,2.59199855499996,4.31104970276765,2.35157676979647,3.76863944106655
8.79579180278759e-05,1.94864900573543e-05,0.00012060362653875,2.59199855499996,4.31104970276765,2.35157676979647,3.76863944106655
8.79579180278759e-05,1.94864900573543e-05,0.00012060362653875,2.59199855499996,4.31104970276765,2.35157676979647,3.76863944106655
8.99297793419106e-06,2.82973812297612e-05,0.00154075637908027,1.57353890911495,0.497156676128231,1.32633130430681,0.0419304389955627
8.85995779416399e-06,1.60634862180833e-05,0.00126594289439024,2.34347452469555,0.595834507854589,2.08516011859558,8.0752591095463e-05
9.14607122954767e-06,7.9178303762481e-06,0.000138433451653247,3.73057254683577,1.55523591476083,3.45809540333321,0.587126690844102
9.14607122954767e-06,7.9178303762481e-06,0.000138433451653247,3.73057254683577,1.55523591476083,3.45809540333321,0.587126690844102
8.85420267633841e-05,1.5112738137556e-05,7.30268838327042e-05,2.55190489523194,8.60752158864775,2.29403518675199,7.94573700087793
8.85420267633841e-05,1.5112738137556e-05,7.30268838327042e-05,2.55190489523194,8.60752158864775,2.29403518675199,7.94573700087793
8.85420267633841e-05,1.5112738137556e-05,7.30268838327042e-05,2.55190489523194,8.60752158864775,2.29403518675199,7.94573700087793
5.89614783780455e-05,7.209062996327e-06,0.000765939395309886,5.77184981024506,0.906357379500738,5.52114065201431,0.446405287502489
8.89354804281601e-06,2.17437336145065e-05,0.0004077549894042,1.64128472912407,1.28777383107266,1.37958547080127,0.56262602412581
8.83076809423062e-05,7.6099415887531e-06,0.000122648302408787,5.83377652912992,3.29417999207657,5.5852387291061,2.58783295672924
9.09007569925925e-06,1.14082014891057e-06,0.00545425673433655,6.02360779829517,0.675203227401061,5.67357270947743,0.000324697695477529
8.80445354547171e-06,7.86051175657043e-06,0.00347694094439003,3.20418259313352,0.529768764771963,2.92183707162398,0.00024331980977784
8.80445354547171e-06,7.86051175657043e-06,0.00347694094439003,3.20418259313352,0.529768764771963,2.92183707162398,0.00024331980977784
9.05681336501257e-06,9.74575644594927e-06,0.00080366128777733,3.10940892327768,0.76434927153568,2.83820858427668,0.000370387890325237
9.02469738469607e-06,3.43846231521414e-05,0.000253040752567442,0.942801334775823,2.59310524993324,0.675466808366935,1.87200296213888
7.58390362074377e-06,5.83621085818349e-05,0.000522403904474706,0.59142059453613,2.21709823140337,0.327959456719802,1.66496778514604
7.58390362074377e-06,5.83621085818349e-05,0.000522403904474706,0.59142059453613,2.21709823140337,0.327959456719802,1.66496778514604
9.18021019791518e-06,3.10856285056413e-05,0.000763538675636786,1.33028958491527,0.93275323475397,1.07854006911955,0.375289266138226
9.08583673772822e-06,7.83660065459615e-06,0.00196055537191518,3.24328812928251,0.6501283666745,2.96194952565135,0.000117026024823143
9.08583673772822e-06,7.83660065459615e-06,0.00196055537191518,3.24328812928251,0.6501283666745,2.96194952565135,0.000117026024823143
9.08583673772822e-06,7.83660065459615e-06,0.00196055537191518,3.24328812928251,0.6501283666745,2.96194952565135,0.000117026024823143
8.86091957543687e-05,1.84407605994188e-05,9.60655962100399e-05,2.47727844133293,6.75769135782652,2.22970957319297,6.19161244301902
6.36746555884878e-05,2.34163898660997e-05,1.41898552275059e-05,2.26223704939874,2.14665613768185,2.02770881434045,1.17949133995842
6.36746555884878e-05,2.34163898660997e-05,1.41898552275059e-05,2.26223704939874,2.14665613768185,2.02770881434045,1.17949133995842
6.36746555884878e-05,2.34163898660997e-05,1.41898552275059e-05,2.26223704939874,2.14665613768185,2.02770881434045,1.17949133995842
9.25285285772028e-06,2.10672246306589e-05,0.00227877030656287,1.91500022929038,0.437613794604947,1.66205487497078,0.00103002754086812
7.92131149693279e-05,8.12204045712509e-06,7.27532457952228e-05,5.17874885049121,4.46802614556499,4.92735359213519,3.68149784885885
9.06878268283848e-06,3.64422511680007e-05,0.00029636741373644,0.831449370504475,2.98503318516255,0.560218374821256,2.29448515869412
8.22664440178068e-05,2.10337346635227e-05,3.05732254808142e-05,2.39896950436904,2.63746622661952,2.15889226860523,1.67878568443376
8.22664440178068e-05,2.10337346635227e-05,3.05732254808142e-05,2.39896950436904,2.63746622661952,2.15889226860523,1.67878568443376
8.09309155935292e-05,2.27633181055249e-05,3.34922585444542e-05,1.94217816442123,3.86647282416275,1.69294928624487,2.897911713016
8.85531362053436e-05,1.1516723105424e-05,7.49189246942115e-05,4.02689964131007,5.32109072332931,3.78056532938188,4.62156386970221
8.19927285842782e-05,1.17550881179882e-05,5.25006451270538e-05,3.75649412674982,2.60451800976779,3.50735950280374,1.63652741849665
8.19927285842782e-05,1.17550881179882e-05,5.25006451270538e-05,3.75649412674982,2.60451800976779,3.50735950280374,1.63652741849665
9.10724820713623e-06,6.64519482435965e-06,0.000819067092355302,3.88345085599378,0.840366904318396,3.60281023128196,9.26508826163778e-05
9.10724820713623e-06,6.64519482435965e-06,0.000819067092355302,3.88345085599378,0.840366904318396,3.60281023128196,9.26508826163778e-05
8.81388646030916e-05,2.127623122654e-05,0.000107370566393497,3.22104837775848,2.39125655181234,3.00210955089292,1.86285933465874
9.14842927968677e-06,5.82812593032195e-06,3.48231106324263e-05,7.03444320204628,1.15258195632484,6.78199868107887,0.0070142500446031
9.14842927968677e-06,5.82812593032195e-06,3.48231106324263e-05,7.03444320204628,1.15258195632484,6.78199868107887,0.0070142500446031
8.81553877726427e-05,3.05977680771941e-05,5.3006849199319e-05,1.83205504017746,7.23590387142003,1.59952720543038,6.63050022459142
8.81553877726427e-05,3.05977680771941e-05,5.3006849199319e-05,1.83205504017746,7.23590387142003,1.59952720543038,6.63050022459142
9.14535593724669e-06,8.26390186099544e-06,0.00155633510058361,3.61363999731444,0.676449656092207,3.34176356207099,0.000230867634829543
9.14535593724669e-06,8.26390186099544e-06,0.00155633510058361,3.61363999731444,0.676449656092207,3.34176356207099,0.000230867634829543
8.90765978330591e-06,7.59611843822744e-06,0.00314413514037931,3.46365737688062,0.555286105567797,3.18331209034569,0.000371620566826209
8.90765978330591e-06,7.59611843822744e-06,0.00314413514037931,3.46365737688062,0.555286105567797,3.18331209034569,0.000371620566826209
8.90765978330591e-06,7.59611843822744e-06,0.00314413514037931,3.46365737688062,0.555286105567797,3.18331209034569,0.000371620566826209
8.90765978330591e-06,7.59611843822744e-06,0.00314413514037931,3.46365737688062,0.555286105567797,3.18331209034569,0.000371620566826209
9.14680660885797e-06,2.80970537334322e-05,0.000256813746753645,1.47422916493313,1.44625104581646,1.22253148364211,0.69370251781572
9.14680660885797e-06,2.80970537334322e-05,0.000256813746753645,1.47422916493313,1.44625104581646,1.22253148364211,0.69370251781572
8.75577817662422e-05,2.6271878059483e-05,3.51637885142055e-05,2.36663323821568,6.01990069683953,2.14133549814587,5.35905930236356
8.5739041775267e-05,1.55917963990749e-05,4.07753809459778e-06,4.26491878777791,7.66768018209525,4.04427747712022,6.81052141216333
9.19055976264416e-06,2.35722390139765e-05,0.000410421641093327,1.17997279726473,2.49552796784179,0.903538844720067,1.77388790564578
9.19055976264416e-06,2.35722390139765e-05,0.000410421641093327,1.17997279726473,2.49552796784179,0.903538844720067,1.77388790564578
8.23819034590489e-06,1.17778936766118e-05,1.38298731693119e-05,2.58547017660875,3.05296610992187,2.31408442086519,1.6845588180004
9.19914431721387e-06,3.61784320913373e-05,0.000169376143952857,1.00634018746506,2.74066902344706,0.747208217198678,1.95118646593028
8.83442033293728e-05,2.59257558317181e-05,0.000113552468442463,2.25691318563112,5.03293590862827,2.02602776692185,4.50477305871186
8.71230819156436e-05,8.96799046921995e-06,0.000136242344404722,4.74500644173069,5.39732460429881,4.49274343279285,4.71527714607423
8.38305772922807e-05,6.39524801438372e-06,2.57467969078889e-05,7.15478922916793,6.63847190632512,6.90854683301712,5.6878561318137
8.38305772922807e-05,6.39524801438372e-06,2.57467969078889e-05,7.15478922916793,6.63847190632512,6.90854683301712,5.6878561318137
9.17123370230576e-06,5.76974859331559e-05,0.000106156340159891,0.731514913597245,3.74967975531661,0.480235073573614,2.96510604885484
9.17123370230576e-06,5.76974859331559e-05,0.000106156340159891,0.731514913597245,3.74967975531661,0.480235073573614,2.96510604885484
9.4553467204996e-06,2.41921981081852e-05,0.00105870467106465,1.66179453919285,0.749797251012569,1.40822719584156,0.18038746907265
9.4553467204996e-06,2.41921981081852e-05,0.00105870467106465,1.66179453919285,0.749797251012569,1.40822719584156,0.18038746907265
9.19034119896605e-06,4.03233565294815e-05,0.000160421876825805,1.05110576904012,2.40027213956675,0.799770895102875,1.61327899246631
5.6238831720075e-06,2.70976882049861e-05,0.00218635067958587,1.36188382225419,0.497457195282086,1.09659967797117,0.107571763884739
8.84771402738268e-06,6.79626346125256e-06,0.00606748456241327,3.724846437859,0.422685193524976,3.44557193522641,0.000236566698564403
5.91459989469143e-05,3.47288729040422e-05,0.000207473191497887,1.1545935321117,7.19299084863326,0.898746386096483,6.73766768440376
9.2357510664347e-06,5.64288258515723e-05,0.000168994309852396,0.620154547409205,4.7763106263582,0.357938585201053,4.0362960190009
5.33320127673346e-05,3.13696442416918e-05,0.000414613096584015,1.3417512741732,2.24578537925512,1.08754550816878,1.92204592780468
7.94979779577615e-05,1.86828352603148e-05,2.13779110871041e-05,1.99800683926455,4.39082049008304,1.73941440504544,3.20673552881091
7.94979779577615e-05,1.86828352603148e-05,2.13779110871041e-05,1.99800683926455,4.39082049008304,1.73941440504544,3.20673552881091
8.50359901099719e-05,2.3802293244733e-05,2.67639163688944e-05,2.57322144577941,3.9113567010871,2.35253143937152,3.17725450762703
8.50359901099719e-05,2.3802293244733e-05,2.67639163688944e-05,2.57322144577941,3.9113567010871,2.35253143937152,3.17725450762703
9.13832880799285e-06,7.53155953995615e-05,9.00939316228683e-05,0.776759724917562,2.34824917997152,0.546473367705074,1.61036011017174
8.42823849753569e-05,2.25338504675869e-05,2.1306693940612e-05,1.52336467371295,6.27717933814163,1.26013795054404,5.09336002139453
8.42823849753569e-05,2.25338504675869e-05,2.1306693940612e-05,1.52336467371295,6.27717933814163,1.26013795054404,5.09336002139453
8.28037998314828e-05,2.78635754041087e-05,3.8828451838973e-05,2.07026784530003,2.5634005487954,1.84031070333928,1.59634570016439
9.32752700567976e-06,9.13405358519974e-06,0.000159270842082217,3.7800493907262,1.85442228345887,3.51896338286096,0.88606861485145
5.67090397683473e-05,5.3553703265525e-05,0.000953661176406248,1.41075827642334,0.208315830802135,1.20211445636862,0.0265942491020301
8.09583476551279e-05,3.00184258316924e-05,4.65867295659545e-05,1.67771543416138,3.82261833258345,1.43888378034203,2.85493125978663
8.09583476551279e-05,3.00184258316924e-05,4.65867295659545e-05,1.67771543416138,3.82261833258345,1.43888378034203,2.85493125978663
9.28408784595278e-06,5.91962660642392e-05,0.000167460397458835,0.591555169817547,5.70338363769016,0.330337101247267,4.96051886180882
9.28408784595278e-06,5.91962660642392e-05,0.000167460397458835,0.591555169817547,5.70338363769016,0.330337101247267,4.96051886180882
8.35129448368385e-05,3.15207463973576e-05,4.69275981446573e-05,1.31783380722114,6.87694686746816,1.06693486970986,5.9182116400889
9.18630348003711e-06,4.28874924469448e-05,4.81833450998094e-05,0.901656491377196,5.64684754025725,0.647863591809234,4.69276584290905
9.18630348003711e-06,4.28874924469448e-05,4.81833450998094e-05,0.901656491377196,5.64684754025725,0.647863591809234,4.69276584290905
9.19164450053059e-06,2.93771212270473e-05,2.7228222387984e-05,1.11612757885483,5.17610156002049,0.852222435924472,4.00499768266848
8.64334326935749e-05,1.7581599985528e-05,2.0555568146338e-05,2.26846996928371,4.99266776443497,2.01539926674379,3.80654605926245
8.64334326935749e-05,1.7581599985528e-05,2.0555568146338e-05,2.26846996928371,4.99266776443497,2.01539926674379,3.80654605926245
9.36856087253255e-06,2.14125031824676e-05,8.89087027125599e-05,1.7200959619244,3.09672212531662,1.46461697251101,2.13722412370285
9.36856087253255e-06,2.14125031824676e-05,8.89087027125599e-05,1.7200959619244,3.09672212531662,1.46461697251101,2.13722412370285
9.36856087253255e-06,2.14125031824676e-05,8.89087027125599e-05,1.7200959619244,3.09672212531662,1.46461697251101,2.13722412370285
9.34110343468455e-06,1.60952539074484e-05,3.07606298094624e-05,3.18076336701363,1.42572792400529,2.94234050598867,0.287935283744016
7.11439719379513e-05,2.43276298044506e-05,2.36600865903936e-05,2.76551427883745,1.95662794307892,2.55009733745012,0.996659685865118
9.19659160963728e-06,8.1184343580016e-06,0.000112531915601966,4.3757097528077,1.65734152396594,4.11728249213236,0.474105418577929
8.67347845509361e-05,8.42880462852001e-06,0.000100078128193649,4.78191139774279,1.80709703751179,4.53010403520668,0.621696478111283
8.67347845509361e-05,8.42880462852001e-06,0.000100078128193649,4.78191139774279,1.80709703751179,4.53010403520668,0.621696478111283
9.26646091035545e-06,1.76803168032847e-05,0.000183190233434299,1.6541745488529,3.96472688262655,1.38460550123488,2.99474341951313
9.26646091035545e-06,1.76803168032847e-05,0.000183190233434299,1.6541745488529,3.96472688262655,1.38460550123488,2.99474341951313
9.26646091035545e-06,1.76803168032847e-05,0.000183190233434299,1.6541745488529,3.96472688262655,1.38460550123488,2.99474341951313
9.13305428389715e-06,2.35599454610335e-05,9.70777292698828e-05,1.72086602878652,3.98953783249994,1.47097078794546,3.02978150614694
6.36866593399694e-05,3.43759369718663e-05,3.92039893671408e-06,1.43850908526941,8.72238193447378,1.20390213972849,7.53509939654369
6.36866593399694e-05,3.43759369718663e-05,3.92039893671408e-06,1.43850908526941,8.72238193447378,1.20390213972849,7.53509939654369
9.16315886864087e-06,2.54104052603386e-05,9.2606883614421e-05,2.05964687647589,2.12305583477474,1.82619293946607,1.16232277769632
9.16315886864087e-06,2.54104052603386e-05,9.2606883614421e-05,2.05964687647589,2.12305583477474,1.82619293946607,1.16232277769632
8.31091683854388e-05,2.93858286401621e-05,6.03292922054436e-05,1.69446629042294,4.91379348217067,1.45736213088679,3.94518624314994
8.31091683854388e-05,2.93858286401621e-05,6.03292922054436e-05,1.69446629042294,4.91379348217067,1.45736213088679,3.94518624314994
9.77796382734223e-06,1.65447130613549e-05,0.000118267574507214,2.21752503341108,2.49575153644738,1.96283197435346,1.5264793751784
8.18557852678029e-05,2.77107051530403e-06,5.88098078138214e-05,9.86510871535104,9.67048127698821,9.59046287317808,8.49892366354915
1.01650779152128e-05,2.36505651905969e-05,0.00114389973312243,1.54126485890167,0.795267185482457,1.29133619730794,0.26889726586985
1.01650779152128e-05,2.36505651905969e-05,0.00114389973312243,1.54126485890167,0.795267185482457,1.29133619730794,0.26889726586985
8.26811571710405e-05,2.82852126101429e-05,7.06185550386694e-05,1.90372522587842,4.4724835180702,1.67121755950723,3.51267684783522
8.26811571710405e-05,2.82852126101429e-05,7.06185550386694e-05,1.90372522587842,4.4724835180702,1.67121755950723,3.51267684783522
8.26811571710405e-05,2.82852126101429e-05,7.06185550386694e-05,1.90372522587842,4.4724835180702,1.67121755950723,3.51267684783522
9.00712676319449e-06,3.13860774037823e-05,0.000628607382875356,1.8204596104753,0.760508443610485,1.59666728058178,0.0871024586486045
8.02918854530825e-05,1.81381124883445e-05,5.41933450618432e-05,2.31896239279937,3.9646372829718,2.07108323341127,2.78030654078815
8.02918854530825e-05,1.81381124883445e-05,5.41933450618432e-05,2.31896239279937,3.9646372829718,2.07108323341127,2.78030654078815
9.56635552587789e-06,1.27009631590963e-05,6.39529405362815e-05,2.51504265573637,3.7629153359196,2.25233758269301,2.57913396558085
8.67216093949046e-05,2.15548681179933e-05,4.66403167094431e-06,4.35151351509773,5.8111909818893,4.15591498137038,4.97504583944481
8.67216093949046e-05,2.15548681179933e-05,4.66403167094431e-06,4.35151351509773,5.8111909818893,4.15591498137038,4.97504583944481
9.12727480128722e-06,4.43923218679725e-05,8.63175864218905e-06,1.10758082942214,7.62459315997146,0.87233398091497,6.43796514710187
1.07043536164913e-05,1.25244212358459e-05,0.00107230510050376,2.41929228495852,0.730037166457731,2.158498108416,0.0774136021569689
9.28142683047236e-06,5.55431266938509e-06,0.000562373614360062,5.8652929476302,1.69086336028393,5.60317641947353,0.730123388373759
9.28142683047236e-06,5.55431266938509e-06,0.000562373614360062,5.8652929476302,1.69086336028393,5.60317641947353,0.730123388373759
9.28142683047236e-06,5.55431266938509e-06,0.000562373614360062,5.8652929476302,1.69086336028393,5.60317641947353,0.730123388373759
8.01600224302923e-05,1.36055307255655e-05,5.18629781900473e-06,6.11791203502839,6.51307005735348,5.90937811883979,5.48711043859795
8.81735570046491e-05,1.65432088965421e-05,3.47410284056205e-05,4.89825819643667,4.59919427633171,4.69211262373411,3.73558734446925
8.81735570046491e-05,1.65432088965421e-05,3.47410284056205e-05,4.89825819643667,4.59919427633171,4.69211262373411,3.73558734446925
9.22816491106915e-06,1.94013107446796e-05,0.000200189594672604,1.5990365858631,5.59798775247146,1.33489401865588,4.64010133538787
8.63695016602597e-06,3.5943086539719e-05,8.73332597328417e-05,1.34722179091527,5.1444978048166,1.11052618964342,4.17601199402158
8.63695016602597e-06,3.5943086539719e-05,8.73332597328417e-05,1.34722179091527,5.1444978048166,1.11052618964342,4.17601199402158
1.08199452626167e-05,2.86217364364163e-05,0.00168358585524116,1.25473093266446,0.685446010073213,1.00524379895088,0.263410261547061
7.97856810886155e-05,6.00205854185576e-05,0.000450717603362861,1.08453992593248,4.79520777079043,0.864997835023681,4.51569616701994
9.76273692711173e-06,1.57438193671859e-05,2.83738292548021e-05,2.49363454404819,3.8115181609835,2.24254590266206,2.50854880685488
9.76273692711173e-06,1.57438193671859e-05,2.83738292548021e-05,2.49363454404819,3.8115181609835,2.24254590266206,2.50854880685488
8.18035478510111e-06,1.8203611593768e-05,2.2494236492721e-05,1.95544855450092,5.39638289660839,1.69714116410998,3.82253072990539
7.37745048699105e-05,8.18317219906932e-06,6.4552680020096e-05,6.60888062956739,6.79466867354031,6.3808372522141,5.82475726299752
7.37745048699105e-05,8.18317219906932e-06,6.4552680020096e-05,6.60888062956739,6.79466867354031,6.3808372522141,5.82475726299752
1.12942003326486e-05,1.10822633911941e-05,0.00149380126098185,2.76123259850893,0.621634757081559,2.50331791159386,0.000180271011302038
8.26775322323127e-05,4.51429083196579e-05,3.97650827834699e-05,1.17855903745078,7.72245499083866,0.945539788275918,6.53694391944396
8.26775322323127e-05,4.51429083196579e-05,3.97650827834699e-05,1.17855903745078,7.72245499083866,0.945539788275918,6.53694391944396
8.10672663393004e-05,9.36800837062268e-06,5.85355214614829e-05,7.83043097577309,5.94555117326115,7.61898577842589,4.97090115592792
9.57162376521369e-06,2.08649501043051e-05,1.58948924649484e-05,1.92613080193577,5.91546525365112,1.67708835930006,4.49548914032526
8.65559783571774e-05,3.72084892281391e-05,2.85923248665475e-05,1.44352449821719,6.27360303992467,1.21509800234943,5.08746257986149
9.57422490748223e-06,1.6082263856425e-05,0.000326916773233159,2.52702212311212,2.45895271394903,2.28002722110988,1.49092735667233
6.84395309624487e-05,1.32661519404682e-05,8.14168438515082e-06,3.09203929988951,5.54584726461002,2.84793955211889,3.95743119199729
8.98880195723369e-06,2.23783802971295e-05,2.27934335124952e-05,2.01820785109778,4.1391485336306,1.77712888337166,2.6716142603482
8.98880195723369e-06,2.23783802971295e-05,2.27934335124952e-05,2.01820785109778,4.1391485336306,1.77712888337166,2.6716142603482
8.98880195723369e-06,2.23783802971295e-05,2.27934335124952e-05,2.01820785109778,4.1391485336306,1.77712888337166,2.6716142603482
9.60035220965215e-06,2.3621546588891e-05,1.45509267185505e-05,1.69174695280249,7.97047730948104,1.44139215497785,6.50607950057819
6.25174773010408e-05,5.6219654642505e-06,5.91796718110117e-06,4.49813532918973,8.68964933345933,4.22525625853125,6.81920655011294
5.5083344394602e-05,1.74029415729409e-05,1.31918302562616e-05,2.11389607386183,5.43848067526194,1.86512386774826,4.10932871900354
8.05148703065218e-06,2.19729326850633e-05,2.33545937794832e-05,1.97940791328122,4.84800614274825,1.73625379632864,3.26375069984529
9.69350042949368e-06,3.75885704591766e-05,0.000115840201248682,1.12599623250088,4.59670313639647,0.877470949422634,3.43398951110287
1.01273530736525e-05,1.66612468879282e-05,8.62769997895744e-05,2.22841813498745,4.07296673669323,1.97359329712214,2.93042410954257
1.01273530736525e-05,1.66612468879282e-05,8.62769997895744e-05,2.22841813498745,4.07296673669323,1.97359329712214,2.93042410954257
8.03249078620605e-05,5.13331526759188e-05,3.98284525853892e-05,1.12538793520678,8.78802160960204,0.900561515458942,7.60392833667164
9.42589298127094e-06,2.09366547420265e-05,1.59038074522043e-05,2.32086651146683,4.90843308681576,2.07725288138386,3.42742355984275
9.42589298127094e-06,2.09366547420265e-05,1.59038074522043e-05,2.32086651146683,4.90843308681576,2.07725288138386,3.42742355984275
1.00287621350689e-05,2.30519723432306e-05,0.000228441779183238,1.46246227194151,4.67735962568477,1.20759253995672,3.71972432462351
1.00287621350689e-05,2.30519723432306e-05,0.000228441779183238,1.46246227194151,4.67735962568477,1.20759253995672,3.71972432462351
1.21179157644472e-05,7.29888840887964e-06,0.00202603092252167,3.30811178824315,0.64662102295177,3.04072575764857,0.000303194055777191
1.21179157644472e-05,7.29888840887964e-06,0.00202603092252167,3.30811178824315,0.64662102295177,3.04072575764857,0.000303194055777191
9.89854398675605e-06,3.97371256125217e-05,0.000119532506362587,1.13467833918754,3.98564047249232,0.904311178300571,3.09504600861246
9.20603470408466e-06,2.61843273820806e-05,7.10393194672945e-05,1.67835951085787,6.92972534875595,1.43288926765764,5.52741706734945
9.20603470408466e-06,2.61843273820806e-05,7.10393194672945e-05,1.67835951085787,6.92972534875595,1.43288926765764,5.52741706734945
9.46264484669849e-06,2.69077060002734e-05,5.73248192444989e-05,1.21820163103103,5.64776471492062,0.966978939760554,4.35167452471318
9.73389230924339e-06,1.93038493346853e-05,2.52439161921271e-05,1.76281893869253,8.06934221555587,1.50445296061242,6.46478163249128
9.48855945127667e-06,1.95106473705172e-05,2.04626052289279e-05,2.38629733490493,4.74683061859643,2.14902090057342,3.18220805411362
8.60482639839117e-05,1.4183373401387e-05,2.14739262880858e-05,6.52173497982057,6.89717877998395,6.32878129484926,5.7628880563833
5.54114181377565e-05,2.22385518350792e-05,2.45031454592495e-05,3.75800944396118,2.85072496827785,3.56104294849423,1.66812387490305
9.89675159151495e-06,2.12367330410598e-05,2.17579905895155e-05,1.93133666359978,6.33803981034911,1.6758081280891,4.93837574193946
9.89675159151495e-06,2.12367330410598e-05,2.17579905895155e-05,1.93133666359978,6.33803981034911,1.6758081280891,4.93837574193946
1.15944958883192e-05,1.51252242804052e-05,0.00023826666994012,1.78661728277957,3.34576955701714,1.52727942955892,2.3871376476483
1.15944958883192e-05,1.51252242804052e-05,0.00023826666994012,1.78661728277957,3.34576955701714,1.52727942955892,2.3871376476483
1.15944958883192e-05,1.51252242804052e-05,0.00023826666994012,1.78661728277957,3.34576955701714,1.52727942955892,2.3871376476483
9.38156333908334e-06,2.66263016880646e-05,7.81657256291916e-05,1.94327839017864,5.7613169294585,1.70275444103526,4.36454976998269
9.38156333908334e-06,2.66263016880646e-05,7.81657256291916e-05,1.94327839017864,5.7613169294585,1.70275444103526,4.36454976998269
8.94130135485505e-06,2.22835659345966e-05,2.79226166759908e-05,2.09954317217351,6.16461352997236,1.8656140543745,4.44035039519437
9.7182887803722e-06,1.67993026613795e-05,0.000297618170895272,2.27460595624846,5.87677566731449,2.03180773898288,4.69267775496778
9.85859647105986e-06,2.83850964307183e-05,7.21257363690466e-05,1.68234815454468,7.33218566459884,1.45375358792159,6.01408286236094
1.08675754317104e-05,2.0584270584014e-05,0.000353491893806007,2.25754821189437,2.568400410895,2.02755375141826,1.60037183817382
1.08675754317104e-05,2.0584270584014e-05,0.000353491893806007,2.25754821189437,2.568400410895,2.02755375141826,1.60037183817382
1.08675754317104e-05,2.0584270584014e-05,0.000353491893806007,2.25754821189437,2.568400410895,2.02755375141826,1.60037183817382
1.08070018743404e-05,3.72870108512526e-05,2.34717015109024e-05,1.55592818581941,5.50977530797328,1.33531953170329,4.22868959546707
9.4454253762342e-06,1.27336944465373e-05,6.84256219259508e-05,2.77544428952908,5.27492404101735,2.52546351069702,3.33083747005413
9.4454253762342e-06,1.27336944465373e-05,6.84256219259508e-05,2.77544428952908,5.27492404101735,2.52546351069702,3.33083747005413
1.00169410181358e-05,1.89974199632996e-05,0.000329059495969674,2.24581417676704,3.99361244851087,2.01233923587508,2.80924957740065
1.00169410181358e-05,1.89974199632996e-05,0.000329059495969674,2.24581417676704,3.99361244851087,2.01233923587508,2.80924957740065
1.07032601160157e-05,1.86709305861081e-05,0.000183258990530282,1.90010539014345,4.95858525393191,1.65596895451476,3.77547883179253
1.07032601160157e-05,1.86709305861081e-05,0.000183258990530282,1.90010539014345,4.95858525393191,1.65596895451476,3.77547883179253
1.07032601160157e-05,1.86709305861081e-05,0.000183258990530282,1.90010539014345,4.95858525393191,1.65596895451476,3.77547883179253
1.1892012545758e-05,8.95857268305731e-06,2.67338401373515e-05,3.83074528767355,4.01833782784385,3.58121255026961,2.2578694017042
1.15015872492032e-05,6.25080670581375e-06,4.21570090874003e-05,4.70572799582601,2.74857417478017,4.45293344919473,0.949456777866097
1.02014683838511e-05,3.26251218786683e-05,3.60752169279811e-05,1.54402805403906,8.85644663991841,1.32174334873617,7.0451270623427
1.02014683838511e-05,3.26251218786683e-05,3.60752169279811e-05,1.54402805403906,8.85644663991841,1.32174334873617,7.0451270623427
1.14991918063265e-05,1.99878652460167e-05,3.9134639629536e-05,2.50155388733195,4.88193311231329,2.27884285756002,3.23559983319713
1.17099051646571e-05,2.19104966371053e-05,2.37784997455545e-05,2.20578917610285,4.58319051177547,1.98618638834601,3.01947933856921
1.07978758180063e-05,1.15514907796006e-05,7.44460753445431e-05,3.11667962505932,5.61042086644657,2.87260100537191,3.71201024358274
8.58120925416342e-06,1.39841988818056e-05,8.58742698757469e-05,4.38165346611322,5.13610770290674,4.16975575710949,2.16820421609296
8.56485010265832e-05,7.09943001888213e-06,0.00124069733534046,3.20874511038706,5.74502665906751,2.94922382415549,2.83784838030367
1.15670465166368e-05,1.72943879755736e-05,0.000483934891923511,2.37492592995132,4.63055887136833,2.15431052784366,3.16038136246218
1.60959819425159e-05,1.5479391730957e-05,8.27057436451989e-05,1.76547807717564,7.19841003278184,1.5221564618343,5.71469798214308
1.60959819425159e-05,1.5479391730957e-05,8.27057436451989e-05,1.76547807717564,7.19841003278184,1.5221564618343,5.71469798214308
9.29875502944535e-06,8.92867569061217e-06,0.000206711771914682,5.02184171678034,7.53382994705266,4.80437464038826,3.71290355599021
9.29875502944535e-06,8.92867569061217e-06,0.000206711771914682,5.02184171678034,7.53382994705266,4.80437464038826,3.71290355599021
8.90533408701775e-06,7.63901688856414e-06,0.000156460181028286,4.51445792630151,7.560173392027,4.29245867377267,2.68237088147734
7.85705831445787e-06,2.60879851499033e-05,6.06780663886837e-05,1.68123029002729,9.01279282152894,1.47630081573516,3.1764474576833
1.26946884940012e-05,1.66318468159947e-05,0.000414600203848184,2.44570475486207,4.90333016251955,2.22636986225029,3.34615267445072
1.26946884940012e-05,1.66318468159947e-05,0.000414600203848184,2.44570475486207,4.90333016251955,2.22636986225029,3.34615267445072
7.88305844170676e-06,3.25695792412117e-05,7.16001970692338e-05,1.31123791347109,8.91033080582836,1.11640781221367,1.74781578732488
9.14152687769731e-06,1.8256057122768e-05,0.000107296495346268,2.69449570345997,7.9388909652723,2.502625413887,1.59858054478099
9.14152687769731e-06,1.8256057122768e-05,0.000107296495346268,2.69449570345997,7.9388909652723,2.502625413887,1.59858054478099
5.83310301779405e-05,4.84434654462328e-06,5.99165377746531e-05,9.32275207635584,7.78712332323186,9.13685290595614,2.15733778519584
5.83310301779405e-05,4.84434654462328e-06,5.99165377746531e-05,9.32275207635584,7.78712332323186,9.13685290595614,2.15733778519584
5.83310301779405e-05,4.84434654462328e-06,5.99165377746531e-05,9.32275207635584,7.78712332323186,9.13685290595614,2.15733778519584
8.81999546753793e-06,1.63320561935449e-06,0.00634840869604331,9.95117270098739,9.86579221535382,9.68235685799502,0.0093719010258699
8.22246219798606e-06,7.92329480594045e-06,0.00525343467544402,4.82426029207202,8.61561492654616,4.61910699559037,0.403913568137454
8.22655028209839e-06,8.97091295635121e-06,0.00532060304348187,4.50990293717451,9.03719075217094,4.30779813490955,0.072033202668853
8.08185276985288e-06,1.56311636065246e-05,0.00147084961671215,2.51917271425272,9.56660868502192,2.32068860283166,0.928941049655076
8.08185276985288e-06,1.56311636065246e-05,0.00147084961671215,2.51917271425272,9.56660868502192,2.32068860283166,0.928941049655076
8.08185276985288e-06,1.56311636065246e-05,0.00147084961671215,2.51917271425272,9.56660868502192,2.32068860283166,0.928941049655076
9.1714177755722e-06,3.83191135098239e-06,0.00112814115531409,8.37075791582338,9.49097424313133,8.15123949406969,0.886079441013756
9.03223522192716e-06,8.43108077566188e-06,0.000328189667443257,4.43040759895554,8.21236021543751,4.22382387073584,0.693016497447488
9.03223522192716e-06,8.43108077566188e-06,0.000328189667443257,4.43040759895554,8.21236021543751,4.22382387073584,0.693016497447488
5.84659742178897e-06,1.69036029667412e-05,0.000920173005923099,2.38899098262437,9.95043922066424,2.19401354815424,0.191341174632197
8.54139710187539e-06,6.43439486773825e-06,0.00121926152248578,6.5498237296743,9.3824682678087,6.35704346217499,0.39128108441572
8.54139710187539e-06,6.43439486773825e-06,0.00121926152248578,6.5498237296743,9.3824682678087,6.35704346217499,0.39128108441572
9.11461598852355e-06,1.27487471074075e-05,0.000627805890537966,2.36288403737933,7.99234156216999,2.15426839801163,0.360536276698884
5.89885630444637e-05,2.04767836904224e-05,5.35997889985616e-05,1.3596467370916,8.82488710269491,1.21220881374395,2.07368904626554
8.48164608327262e-05,1.59307010143093e-05,0.000117944988237479,0.613581030209627,8.43235343337209,0.479073369425629,0.805803657480553
1.13369973907051e-05,4.73173932779413e-06,0.0011818422410162,8.03262644199393,9.3303651708939,7.83970454355504,0.477783101159507
1.13369973907051e-05,4.73173932779413e-06,0.0011818422410162,8.03262644199393,9.3303651708939,7.83970454355504,0.477783101159507
1.19240814691398e-05,1.3017200200901e-05,0.00141392058666406,2.28785882003602,9.11616854062827,2.08206267026668,0.714541147701435
1.47377441904563e-05,4.17535792210894e-06,0.00536679344183792,8.70698765835786,9.1607641946998,8.51526785579396,0.448549169568283
1.76039143007535e-05,1.36640519783442e-05,0.000853141311684742,5.97739518795142,5.22467377617357,5.81902491620714,0.946392731013295
