cohort.lower.bound,cohort.upper.bound,age,diag.year.lower.bound,diag.year.upper.bound,ir.mean,ir.sd,size,num
1915,1919,54,1969,1973,178.594764124232,NaN,16.95984284,214861227.8
1915,1919,55,1970,1974,219.204435258835,6.29499125606828,17.142174576,221297772.98
1915,1919,56,1971,1975,250.632616539029,27.7700064832969,17.36496771,230232310.76
1915,1919,57,1972,1976,233.604818251642,18.8134669779206,16.946324852,213915913.76
1915,1919,58,1973,1977,251.017826468423,21.5864195716455,17.113982798,220088423.06
1915,1919,59,1974,1978,234.806413404654,12.0597157766149,17.17528981,222549301.22
1915,1919,60,1975,1979,266.130632660588,12.0449956436371,17.432670924,232896101.5
1915,1919,61,1976,1980,249.181943498305,10.800656099121,17.536052116,237436565.16
1915,1919,62,1977,1981,265.223242789199,9.91992479426779,17.76754236,245968139.38
1915,1919,63,1978,1982,272.073662571632,20.0482037380323,17.536839924,237632071.74
1915,1919,64,1979,1983,295.440248519172,9.19138074678395,17.345405328,230229323.96
1915,1919,65,1980,1984,325.02267739326,23.570849485931,17.005446238,216878700.2
1915,1919,66,1981,1985,318.380598956678,30.4770946765535,17.17379289,224832511.32
1915,1919,67,1982,1986,350.564287244943,43.1751946491033,17.083952384,221381173.58
1915,1919,68,1983,1987,392.454589187128,26.9270840899191,17.497753612,237182714.24
1915,1919,69,1984,1988,398.420654181529,27.4864791672864,18.161251472,266561938.86
1915,1919,70,1985,1989,430.821695828812,23.0808423607385,18.713750074,289640724.12
1915,1919,71,1986,1990,446.781159817451,20.1562528007963,18.664234,287227783.84
1915,1919,72,1987,1991,483.870257410878,20.0437902042571,18.778922956,291665916.48
1915,1919,73,1988,1992,456.065454198461,19.4212587688897,18.549308538,282425767.36
1915,1919,74,1989,1993,462.746433871344,28.3059514160673,17.970384306,256215321.58
1915,1919,75,1990,1994,461.26342014641,26.9202261382104,17.5746001,238965499.4
1915,1919,76,1991,1995,489.83770598017,32.8502633760287,17.158282484,221036700.56
1915,1919,77,1992,1996,490.699543575398,19.5025011103406,17.077518564,217880569.14
1915,1919,78,1993,1997,460.729601477258,41.0753268663051,16.96100927,213645071.3
1915,1919,79,1994,1998,467.359464501539,23.3064871716299,16.773208962,206820467.62
1915,1919,80,1995,1999,474.415362745119,24.9205920719575,16.447651658,195303713.18
1915,1919,81,1996,2000,469.359460615625,27.3493047358613,16.550520314,199354433.02
1915,1919,82,1997,2001,471.931119604166,26.6576545512484,16.659467058,203646901.54
1915,1919,83,1998,2002,469.41645585237,7.94080816302482,16.923166544,213665828.06
1915,1919,84,1999,2003,434.073199245922,37.9855600914943,17.240202764,225644131.1
1915,1919,85,2000,2004,65.8241888333326,5.01418023195519,17.776318156,245871159.82
1920,1924,49,1969,1973,202.054725667987,NaN,16.95984284,214861227.8
1920,1924,50,1970,1974,214.751699278413,22.4855865925191,17.142174576,221297772.98
1920,1924,51,1971,1975,193.103993696124,8.40532305281658,17.36496771,230232310.76
1920,1924,52,1972,1976,205.253940738147,9.49982544086381,16.946324852,213915913.76
1920,1924,53,1973,1977,200.11572781613,21.3772143528298,17.113982798,220088423.06
1920,1924,54,1974,1978,218.91684785186,9.13266386389623,17.17528981,222549301.22
1920,1924,55,1975,1979,204.049088826742,8.41444517816864,17.432670924,232896101.5
1920,1924,56,1976,1980,213.125946721061,11.0910562404352,17.536052116,237436565.16
1920,1924,57,1977,1981,222.605055809091,8.01842077452747,17.76754236,245968139.38
1920,1924,58,1978,1982,225.486128396323,8.63026752914065,17.536839924,237632071.74
1920,1924,59,1979,1983,246.858864502207,25.9228639230618,17.345405328,230229323.96
1920,1924,60,1980,1984,268.357270678712,19.4815272955229,17.005446238,216878700.2
1920,1924,61,1981,1985,286.722895695757,23.9233224266282,17.17379289,224832511.32
1920,1924,62,1982,1986,317.431700562956,22.4717910773897,17.083952384,221381173.58
1920,1924,63,1983,1987,340.918124847112,26.6722546248503,17.497753612,237182714.24
1920,1924,64,1984,1988,353.787596372242,29.9171908407391,18.161251472,266561938.86
1920,1924,65,1985,1989,393.679889652968,29.9845679785307,18.713750074,289640724.12
1920,1924,66,1986,1990,405.112867042218,25.0380993302234,18.664234,287227783.84
1920,1924,67,1987,1991,430.647978686631,25.7039083998436,18.778922956,291665916.48
1920,1924,68,1988,1992,430.420741356843,19.7869557667773,18.549308538,282425767.36
1920,1924,69,1989,1993,428.764467908941,20.6138882404188,17.970384306,256215321.58
1920,1924,70,1990,1994,431.278336921366,9.20607292509644,17.5746001,238965499.4
1920,1924,71,1991,1995,451.787456165226,22.2345849325039,17.158282484,221036700.56
1920,1924,72,1992,1996,459.423862732874,23.5309216100269,17.077518564,217880569.14
1920,1924,73,1993,1997,472.361065698142,27.9439921356997,16.96100927,213645071.3
1920,1924,74,1994,1998,471.985856557632,28.2415320067029,16.773208962,206820467.62
1920,1924,75,1995,1999,501.588505483158,15.9005442127415,16.447651658,195303713.18
1920,1924,76,1996,2000,510.233252267985,25.264917100226,16.550520314,199354433.02
1920,1924,77,1997,2001,501.089900210579,11.3566397994479,16.659467058,203646901.54
1920,1924,78,1998,2002,492.408729256951,19.9667361301511,16.923166544,213665828.06
1920,1924,79,1999,2003,478.641517049233,26.3567579781134,17.240202764,225644131.1
1920,1924,80,2000,2004,440.653118025625,13.4718598973229,17.776318156,245871159.82
1920,1924,81,2001,2005,453.490416099265,19.6846544317599,17.924458626,252135314.78
1920,1924,82,2002,2006,444.787051265492,31.2045096448259,18.04720769,257300433.8
1920,1924,83,2003,2007,422.988075844336,24.1540314577137,18.1713881,262569623.08
1920,1924,84,2004,2008,410.569292153478,19.4112777447463,18.230008644,265034741.84
1920,1924,85,2005,2009,66.4434806612657,2.52399193563192,18.176292926,262714045.82
1925,1929,44,1969,1973,147.668118559439,NaN,16.95984284,214861227.8
1925,1929,45,1970,1974,172.610655611622,29.0389787881333,17.142174576,221297772.98
1925,1929,46,1971,1975,187.016029539204,7.56532473724509,17.36496771,230232310.76
1925,1929,47,1972,1976,178.594886351486,15.2109658346649,16.946324852,213915913.76
1925,1929,48,1973,1977,189.530503233076,21.8590668257693,17.113982798,220088423.06
1925,1929,49,1974,1978,187.707088117811,18.5422598032557,17.17528981,222549301.22
1925,1929,50,1975,1979,192.73844043114,21.7033049777253,17.432670924,232896101.5
1925,1929,51,1976,1980,186.192791025017,7.31203835595014,17.536052116,237436565.16
1925,1929,52,1977,1981,180.350485676833,9.18620972087004,17.76754236,245968139.38
1925,1929,53,1978,1982,190.803758246358,8.91132260159306,17.536839924,237632071.74
1925,1929,54,1979,1983,190.021994582898,7.80968349138724,17.345405328,230229323.96
1925,1929,55,1980,1984,216.047252588986,11.4744418559119,17.005446238,216878700.2
1925,1929,56,1981,1985,226.721718530123,8.33148114134796,17.17379289,224832511.32
1925,1929,57,1982,1986,255.405500413976,21.3251494355895,17.083952384,221381173.58
1925,1929,58,1983,1987,304.8025396236,9.44234615405156,17.497753612,237182714.24
1925,1929,59,1984,1988,287.667602589822,24.8155499327474,18.161251472,266561938.86
1925,1929,60,1985,1989,332.982705703399,29.3290358011197,18.713750074,289640724.12
1925,1929,61,1986,1990,337.715160731313,23.6169315917803,18.664234,287227783.84
1925,1929,62,1987,1991,355.143865773405,13.9596315938884,18.778922956,291665916.48
1925,1929,63,1988,1992,350.750342372578,21.240117522756,18.549308538,282425767.36
1925,1929,64,1989,1993,363.231163295996,29.9442216209526,17.970384306,256215321.58
1925,1929,65,1990,1994,388.546638138037,3.58604257220714,17.5746001,238965499.4
1925,1929,66,1991,1995,394.988445931881,24.0139259899393,17.158282484,221036700.56
1925,1929,67,1992,1996,405.187266331421,19.1728576072408,17.077518564,217880569.14
1925,1929,68,1993,1997,418.105140923254,9.626252530628,16.96100927,213645071.3
1925,1929,69,1994,1998,426.286758815328,21.8766519481503,16.773208962,206820467.62
1925,1929,70,1995,1999,442.358280939469,23.4186801185832,16.447651658,195303713.18
1925,1929,71,1996,2000,465.498788315395,15.7560661894892,16.550520314,199354433.02
1925,1929,72,1997,2001,489.178611253633,44.8882980486611,16.659467058,203646901.54
1925,1929,73,1998,2002,480.278312940426,40.094218847221,16.923166544,213665828.06
1925,1929,74,1999,2003,455.527909150811,22.3210893118652,17.240202764,225644131.1
1925,1929,75,2000,2004,462.038197417306,25.248893540984,17.776318156,245871159.82
1925,1929,76,2001,2005,444.315358779037,29.7824307155431,17.924458626,252135314.78
1925,1929,77,2002,2006,448.168586337713,23.9206364965127,18.04720769,257300433.8
1925,1929,78,2003,2007,447.75594529295,16.8879211734221,18.1713881,262569623.08
1925,1929,79,2004,2008,435.396840633841,11.8592701649045,18.230008644,265034741.84
1925,1929,80,2005,2009,437.323830668692,19.534356431806,18.176292926,262714045.82
1925,1929,81,2006,2010,421.025223996837,11.1008347745543,18.175382948,262673978.58
1925,1929,82,2007,2011,419.501667190912,12.9937640815184,18.192355304,263416217.24
1925,1929,83,2008,2012,411.165809565351,13.3071269991312,18.205956534,264015605.42
1925,1929,84,2009,2013,400.788577659924,18.4473099402099,18.346073608,270240058.22
1925,1929,85,2010,2014,57.5721243825557,2.78922260443056,18.496905094,276932850.4
1930,1934,39,1969,1973,58.3670946920277,NaN,16.95984284,214861227.8
1930,1934,40,1970,1974,86.6474144969043,4.73855474865517,17.142174576,221297772.98
1930,1934,41,1971,1975,101.539984018928,9.3568002678316,17.36496771,230232310.76
1930,1934,42,1972,1976,102.600669198115,7.13508113649714,16.946324852,213915913.76
1930,1934,43,1973,1977,128.020467206462,17.8456285571404,17.113982798,220088423.06
1930,1934,44,1974,1978,139.005686389507,13.7707839313792,17.17528981,222549301.22
1930,1934,45,1975,1979,149.533452035121,14.8215637066468,17.432670924,232896101.5
1930,1934,46,1976,1980,157.80803798032,8.31305122505131,17.536052116,237436565.16
1930,1934,47,1977,1981,170.322851071706,19.0675417993993,17.76754236,245968139.38
1930,1934,48,1978,1982,180.058462143743,10.0034527725266,17.536839924,237632071.74
1930,1934,49,1979,1983,164.16973555975,15.9990518903466,17.345405328,230229323.96
1930,1934,50,1980,1984,180.003091012359,19.4536109492909,17.005446238,216878700.2
1930,1934,51,1981,1985,203.544145477922,14.6407044023108,17.17379289,224832511.32
1930,1934,52,1982,1986,205.833944888499,23.5174131642794,17.083952384,221381173.58
1930,1934,53,1983,1987,229.468380799856,14.4353465111708,17.497753612,237182714.24
1930,1934,54,1984,1988,215.777385242348,13.9059015306748,18.161251472,266561938.86
1930,1934,55,1985,1989,238.640865545211,15.2022862087472,18.713750074,289640724.12
1930,1934,56,1986,1990,277.485919265828,13.0578576962303,18.664234,287227783.84
1930,1934,57,1987,1991,285.049857064033,21.0639448244323,18.778922956,291665916.48
1930,1934,58,1988,1992,301.818137864356,24.6923441792235,18.549308538,282425767.36
1930,1934,59,1989,1993,294.788898613165,22.0094058724186,17.970384306,256215321.58
1930,1934,60,1990,1994,325.246648005817,17.4301373542675,17.5746001,238965499.4
1930,1934,61,1991,1995,347.881048776856,11.8153958427814,17.158282484,221036700.56
1930,1934,62,1992,1996,356.800760141298,28.7988814885521,17.077518564,217880569.14
1930,1934,63,1993,1997,367.325858014428,20.9035695926832,16.96100927,213645071.3
1930,1934,64,1994,1998,373.097222093249,20.2778953518369,16.773208962,206820467.62
1930,1934,65,1995,1999,418.379218123603,33.6774099162468,16.447651658,195303713.18
1930,1934,66,1996,2000,405.464985027157,10.9552264091622,16.550520314,199354433.02
1930,1934,67,1997,2001,417.135089815104,13.0627346115214,16.659467058,203646901.54
1930,1934,68,1998,2002,448.608327522222,32.6050101904043,16.923166544,213665828.06
1930,1934,69,1999,2003,432.973322986796,20.8325886967864,17.240202764,225644131.1
1930,1934,70,2000,2004,424.102583370725,16.4783760537872,17.776318156,245871159.82
1930,1934,71,2001,2005,419.404467974171,24.1014518251788,17.924458626,252135314.78
1930,1934,72,2002,2006,408.563285278864,22.3397904682212,18.04720769,257300433.8
1930,1934,73,2003,2007,419.645234512533,12.2226955921114,18.1713881,262569623.08
1930,1934,74,2004,2008,425.385031780576,13.9283472728851,18.230008644,265034741.84
1930,1934,75,2005,2009,442.106971460965,12.2483706424629,18.176292926,262714045.82
1930,1934,76,2006,2010,451.201267106763,9.536864120925,18.175382948,262673978.58
1930,1934,77,2007,2011,439.975781467592,25.1772914734763,18.192355304,263416217.24
1930,1934,78,2008,2012,441.866214550634,19.2578324127441,18.205956534,264015605.42
1930,1934,79,2009,2013,452.231600007451,18.1211723942418,18.346073608,270240058.22
1930,1934,80,2010,2014,433.405115809622,18.8194635630086,18.496905094,276932850.4
1930,1934,81,2011,2015,420.808648553036,15.365198075191,18.576080372,280494027.16
1930,1934,82,2012,2016,419.792732519768,15.1019258425398,18.536193214,278760590.1
1930,1934,83,2013,2017,398.465545018326,19.6330612130176,18.580944548,280764268.1
1930,1934,84,2014,2018,387.802764855567,13.8988796374429,18.481687876,276306137.72
1930,1934,85,2015,2019,51.8714705049692,NaN,18.358223536,270787111.36
1935,1939,34,1969,1973,31.4709523110169,NaN,16.95984284,214861227.8
1935,1939,35,1970,1974,45.6597274392016,0.140247367720726,17.142174576,221297772.98
1935,1939,36,1971,1975,54.5591623034868,10.0779841307704,17.36496771,230232310.76
1935,1939,37,1972,1976,51.1095900979195,3.75584950066077,16.946324852,213915913.76
1935,1939,38,1973,1977,70.7852103628349,7.11233243776019,17.113982798,220088423.06
1935,1939,39,1974,1978,77.9085784135469,16.998837672907,17.17528981,222549301.22
1935,1939,40,1975,1979,86.802444177048,11.5222821246735,17.432670924,232896101.5
1935,1939,41,1976,1980,97.0346383551507,6.77160948250913,17.536052116,237436565.16
1935,1939,42,1977,1981,110.533218138681,10.551887580479,17.76754236,245968139.38
1935,1939,43,1978,1982,114.588224393528,12.4424996921879,17.536839924,237632071.74
1935,1939,44,1979,1983,122.861522867785,10.509369368645,17.345405328,230229323.96
1935,1939,45,1980,1984,143.091512483617,9.14782107772067,17.005446238,216878700.2
1935,1939,46,1981,1985,166.394779051797,15.3778869711036,17.17379289,224832511.32
1935,1939,47,1982,1986,177.689078044576,11.4441246725353,17.083952384,221381173.58
1935,1939,48,1983,1987,201.24786984868,18.9086153323469,17.497753612,237182714.24
1935,1939,49,1984,1988,203.231921245712,19.4464102220543,18.161251472,266561938.86
1935,1939,50,1985,1989,221.71661157728,24.2967577285774,18.713750074,289640724.12
1935,1939,51,1986,1990,226.721586508132,11.6257720984968,18.664234,287227783.84
1935,1939,52,1987,1991,235.906031905203,2.22244747396106,18.778922956,291665916.48
1935,1939,53,1988,1992,236.422232274229,14.907311601515,18.549308538,282425767.36
1935,1939,54,1989,1993,241.290171605066,25.7033527559878,17.970384306,256215321.58
1935,1939,55,1990,1994,258.776008420345,16.8830681477599,17.5746001,238965499.4
1935,1939,56,1991,1995,272.584403496798,15.5011354864965,17.158282484,221036700.56
1935,1939,57,1992,1996,290.644370998181,17.5324157355078,17.077518564,217880569.14
1935,1939,58,1993,1997,311.873295884179,22.8643355495006,16.96100927,213645071.3
1935,1939,59,1994,1998,342.033106968055,8.52939547018463,16.773208962,206820467.62
1935,1939,60,1995,1999,350.081011331343,29.7847324826796,16.447651658,195303713.18
1935,1939,61,1996,2000,362.443880154884,22.8404055731986,16.550520314,199354433.02
1935,1939,62,1997,2001,384.883796446643,13.4082788070295,16.659467058,203646901.54
1935,1939,63,1998,2002,393.410956894647,12.9929099777261,16.923166544,213665828.06
1935,1939,64,1999,2003,393.950521348353,19.3105508388014,17.240202764,225644131.1
1935,1939,65,2000,2004,412.514875913834,19.568017646949,17.776318156,245871159.82
1935,1939,66,2001,2005,411.876043165894,20.0817588649924,17.924458626,252135314.78
1935,1939,67,2002,2006,388.476142816705,8.64980153321108,18.04720769,257300433.8
1935,1939,68,2003,2007,393.158525706225,20.5047434135413,18.1713881,262569623.08
1935,1939,69,2004,2008,410.745650201763,22.3545708678413,18.230008644,265034741.84
1935,1939,70,2005,2009,422.477207808054,21.2041620369905,18.176292926,262714045.82
1935,1939,71,2006,2010,422.337982120271,9.54947270914649,18.175382948,262673978.58
1935,1939,72,2007,2011,437.723256819445,15.2180064089593,18.192355304,263416217.24
1935,1939,73,2008,2012,448.095314689683,15.0906391985756,18.205956534,264015605.42
1935,1939,74,2009,2013,464.701061650558,21.9216827295769,18.346073608,270240058.22
1935,1939,75,2010,2014,456.430336490297,30.0382705034123,18.496905094,276932850.4
1935,1939,76,2011,2015,451.585110129479,9.71790800080072,18.576080372,280494027.16
1935,1939,77,2012,2016,458.438537167665,10.7286386748638,18.536193214,278760590.1
1935,1939,78,2013,2017,434.621519967705,20.9773058166917,18.580944548,280764268.1
1935,1939,79,2014,2018,460.119211050489,20.6025025285035,18.481687876,276306137.72
1935,1939,80,2015,2019,429.963691954902,NaN,18.358223536,270787111.36
1935,1939,81,2016,2020,423.878959361416,22.8850535541397,18.428108516,274058210.98
1935,1939,82,2017,2021,421.162631573489,31.0662807410856,18.535035638,278791381.22
1935,1939,83,2018,2022,432.036187374072,21.7056419086752,18.523022995,278311657.325
1935,1939,84,2019,2023,392.886515008948,40.2444329445399,18.6134288666667,282427661.666667
1940,1944,29,1969,1973,10.4540544307767,NaN,16.95984284,214861227.8
1940,1944,30,1970,1974,16.0056220864124,1.02216577521997,17.142174576,221297772.98
1940,1944,31,1971,1975,23.0497504433642,2.00582619531888,17.36496771,230232310.76
1940,1944,32,1972,1976,27.2839495804758,5.38256810176042,16.946324852,213915913.76
1940,1944,33,1973,1977,32.2426719942207,6.32297692384199,17.113982798,220088423.06
1940,1944,34,1974,1978,35.3990194694453,6.188769528046,17.17528981,222549301.22
1940,1944,35,1975,1979,44.3862304768272,2.9438414668586,17.432670924,232896101.5
1940,1944,36,1976,1980,52.0903449810208,3.78917479969295,17.536052116,237436565.16
1940,1944,37,1977,1981,60.1937121201199,5.6367992210449,17.76754236,245968139.38
1940,1944,38,1978,1982,71.1073593083915,8.50260726796918,17.536839924,237632071.74
1940,1944,39,1979,1983,79.1933935912749,11.7652389382026,17.345405328,230229323.96
1940,1944,40,1980,1984,91.5309657811102,5.59554114320485,17.005446238,216878700.2
1940,1944,41,1981,1985,105.639632283537,6.00217762324132,17.17379289,224832511.32
1940,1944,42,1982,1986,131.420853172175,14.2924788656749,17.083952384,221381173.58
1940,1944,43,1983,1987,135.804484891646,8.40680309149446,17.497753612,237182714.24
1940,1944,44,1984,1988,151.902509004642,12.6995284896177,18.161251472,266561938.86
1940,1944,45,1985,1989,172.294617843542,8.93365073644431,18.713750074,289640724.12
1940,1944,46,1986,1990,187.216735244128,15.6548177135748,18.664234,287227783.84
1940,1944,47,1987,1991,204.556485928632,16.9303811193271,18.778922956,291665916.48
1940,1944,48,1988,1992,225.64486755364,12.1378012567079,18.549308538,282425767.36
1940,1944,49,1989,1993,210.44816923614,12.8582019956894,17.970384306,256215321.58
1940,1944,50,1990,1994,230.5011423649,10.9660309216468,17.5746001,238965499.4
1940,1944,51,1991,1995,244.980067153739,15.0984513655234,17.158282484,221036700.56
1940,1944,52,1992,1996,251.19764836634,18.6300347043994,17.077518564,217880569.14
1940,1944,53,1993,1997,254.851180864524,14.8614538783377,16.96100927,213645071.3
1940,1944,54,1994,1998,278.49082057163,16.5723343045219,16.773208962,206820467.62
1940,1944,55,1995,1999,297.355467401823,7.85109201606463,16.447651658,195303713.18
1940,1944,56,1996,2000,322.093714239113,19.5515263571082,16.550520314,199354433.02
1940,1944,57,1997,2001,328.482224350143,19.8510954844873,16.659467058,203646901.54
1940,1944,58,1998,2002,353.227649345101,20.1643870573759,16.923166544,213665828.06
1940,1944,59,1999,2003,350.451655889415,17.2722898431409,17.240202764,225644131.1
1940,1944,60,2000,2004,355.844356374658,18.0673613820637,17.776318156,245871159.82
1940,1944,61,2001,2005,353.123629127796,11.3146953665761,17.924458626,252135314.78
1940,1944,62,2002,2006,351.302274656981,12.272655474889,18.04720769,257300433.8
1940,1944,63,2003,2007,360.328677332921,14.2348810008521,18.1713881,262569623.08
1940,1944,64,2004,2008,368.148757840566,16.1733615707416,18.230008644,265034741.84
1940,1944,65,2005,2009,409.605685973789,19.2809298785722,18.176292926,262714045.82
1940,1944,66,2006,2010,409.857063828755,22.5852664894968,18.175382948,262673978.58
1940,1944,67,2007,2011,415.971308188766,15.9623705241109,18.192355304,263416217.24
1940,1944,68,2008,2012,423.874349512588,11.7745641451561,18.205956534,264015605.42
1940,1944,69,2009,2013,434.031025343531,12.2904700389629,18.346073608,270240058.22
1940,1944,70,2010,2014,442.966672413372,13.4525761744102,18.496905094,276932850.4
1940,1944,71,2011,2015,451.180090430296,21.4155809785537,18.576080372,280494027.16
1940,1944,72,2012,2016,465.306075981008,22.0617879589381,18.536193214,278760590.1
1940,1944,73,2013,2017,466.824731805695,23.8754855986072,18.580944548,280764268.1
1940,1944,74,2014,2018,458.305886778268,7.96724925610003,18.481687876,276306137.72
1940,1944,75,2015,2019,432.098054791261,NaN,18.358223536,270787111.36
1940,1944,76,2016,2020,465.974882925814,19.8080370445865,18.428108516,274058210.98
1940,1944,77,2017,2021,458.217742794158,30.9859874791112,18.535035638,278791381.22
1940,1944,78,2018,2022,466.08062155992,34.7453193124345,18.523022995,278311657.325
1940,1944,79,2019,2023,458.506929884556,29.2367777351688,18.6134288666667,282427661.666667
1940,1944,80,2020,2024,433.285940644616,22.1641608414636,18.84669434,292939568.55
1940,1944,81,2021,2025,467.865128548097,NaN,18.63286057,282971951.5
1945,1949,24,1969,1973,1.39971725711406,NaN,16.95984284,214861227.8
1945,1949,25,1970,1974,2.85469139802405,2.03251724183072,17.142174576,221297772.98
1945,1949,26,1971,1975,6.61802338828278,2.52690265266429,17.36496771,230232310.76
1945,1949,27,1972,1976,7.21462188225223,2.8860514878167,16.946324852,213915913.76
1945,1949,28,1973,1977,11.8186995550156,3.13989882523169,17.113982798,220088423.06
1945,1949,29,1974,1978,15.0058789043884,3.30809806436693,17.17528981,222549301.22
1945,1949,30,1975,1979,17.1043964578739,4.04069654007691,17.432670924,232896101.5
1945,1949,31,1976,1980,22.9778325010408,2.8706559225912,17.536052116,237436565.16
1945,1949,32,1977,1981,27.0208218950298,2.33277899045116,17.76754236,245968139.38
1945,1949,33,1978,1982,32.3366693906957,5.98576614611465,17.536839924,237632071.74
1945,1949,34,1979,1983,38.3050284353162,4.65077010275168,17.345405328,230229323.96
1945,1949,35,1980,1984,54.1828802546148,6.43667092582311,17.005446238,216878700.2
1945,1949,36,1981,1985,59.8692377968176,7.50324071525996,17.17379289,224832511.32
1945,1949,37,1982,1986,65.831172036814,2.28633682100693,17.083952384,221381173.58
1945,1949,38,1983,1987,80.8773018748953,6.50293473622479,17.497753612,237182714.24
1945,1949,39,1984,1988,84.1050880808896,7.84181053081162,18.161251472,266561938.86
1945,1949,40,1985,1989,104.26043726184,3.93559752024027,18.713750074,289640724.12
1945,1949,41,1986,1990,118.939068305498,9.22932204001352,18.664234,287227783.84
1945,1949,42,1987,1991,134.774041269756,11.6623936732367,18.778922956,291665916.48
1945,1949,43,1988,1992,141.346941196511,10.0209791681009,18.549308538,282425767.36
1945,1949,44,1989,1993,147.085473137058,9.15002558795496,17.970384306,256215321.58
1945,1949,45,1990,1994,169.353667363326,14.543708713483,17.5746001,238965499.4
1945,1949,46,1991,1995,188.004787908563,15.2389208992869,17.158282484,221036700.56
1945,1949,47,1992,1996,194.346674099228,12.7950928055851,17.077518564,217880569.14
1945,1949,48,1993,1997,222.68721446393,11.7517683996796,16.96100927,213645071.3
1945,1949,49,1994,1998,231.548568312972,15.2372580891912,16.773208962,206820467.62
1945,1949,50,1995,1999,243.082503681326,9.3049626710125,16.447651658,195303713.18
1945,1949,51,1996,2000,265.246624515241,14.9212773318259,16.550520314,199354433.02
1945,1949,52,1997,2001,263.034337794819,20.6975665194745,16.659467058,203646901.54
1945,1949,53,1998,2002,269.404365469334,22.5622241199809,16.923166544,213665828.06
1945,1949,54,1999,2003,274.47533777484,17.5835712117777,17.240202764,225644131.1
1945,1949,55,2000,2004,285.081521732995,20.977880080429,17.776318156,245871159.82
1945,1949,56,2001,2005,290.086557351941,29.1701665741441,17.924458626,252135314.78
1945,1949,57,2002,2006,293.312008648346,20.6020075624109,18.04720769,257300433.8
1945,1949,58,2003,2007,300.663952693843,11.0870412880908,18.1713881,262569623.08
1945,1949,59,2004,2008,313.12030609987,9.61057795771745,18.230008644,265034741.84
1945,1949,60,2005,2009,329.455968236957,7.76194766571296,18.176292926,262714045.82
1945,1949,61,2006,2010,333.174745590277,12.285358480982,18.175382948,262673978.58
1945,1949,62,2007,2011,351.123868155706,10.2260835634354,18.192355304,263416217.24
1945,1949,63,2008,2012,371.279691615153,12.1612689764403,18.205956534,264015605.42
1945,1949,64,2009,2013,368.572445296427,9.40212990549799,18.346073608,270240058.22
1945,1949,65,2010,2014,432.51169166653,12.9127674935814,18.496905094,276932850.4
1945,1949,66,2011,2015,414.349978080181,12.7211899277982,18.576080372,280494027.16
1945,1949,67,2012,2016,418.520486648962,6.06397740037954,18.536193214,278760590.1
1945,1949,68,2013,2017,431.407487177326,8.62254280412252,18.580944548,280764268.1
1945,1949,69,2014,2018,438.076196710329,26.5607839924476,18.481687876,276306137.72
1945,1949,70,2015,2019,446.593120237269,NaN,18.358223536,270787111.36
1945,1949,71,2016,2020,451.868194133894,24.8189536552563,18.428108516,274058210.98
1945,1949,72,2017,2021,471.888246279892,24.6551389933068,18.535035638,278791381.22
1945,1949,73,2018,2022,485.052848048182,34.2722938688094,18.523022995,278311657.325
1945,1949,74,2019,2023,489.172178700534,31.0944202678606,18.6134288666667,282427661.666667
1945,1949,75,2020,2024,459.765847955255,61.4998056137156,18.84669434,292939568.55
1945,1949,76,2021,2025,459.03216774392,NaN,18.63286057,282971951.5
1950,1954,19,1969,1973,0.666453401578162,NaN,16.95984284,214861227.8
1950,1954,20,1970,1974,0.922443813533386,0.346120562867012,17.142174576,221297772.98
1950,1954,21,1971,1975,0.234223852420235,0.405687612736362,17.36496771,230232310.76
1950,1954,22,1972,1976,1.2489594957819,0.922335628481551,16.946324852,213915913.76
1950,1954,23,1973,1977,1.57861400193337,0.513669081774691,17.113982798,220088423.06
1950,1954,24,1974,1978,2.49534501570197,0.909036322458362,17.17528981,222549301.22
1950,1954,25,1975,1979,3.19007928075639,1.0743408180758,17.432670924,232896101.5
1950,1954,26,1976,1980,5.49736544068245,1.9854477791906,17.536052116,237436565.16
1950,1954,27,1977,1981,8.73630014856441,1.06049892268328,17.76754236,245968139.38
1950,1954,28,1978,1982,10.1604007356078,1.97795318415127,17.536839924,237632071.74
1950,1954,29,1979,1983,15.7553235586456,1.46386929390237,17.345405328,230229323.96
1950,1954,30,1980,1984,16.2565210551886,1.93740778421725,17.005446238,216878700.2
1950,1954,31,1981,1985,26.0809185961848,4.23122867370631,17.17379289,224832511.32
1950,1954,32,1982,1986,28.7544119047135,5.08458989911573,17.083952384,221381173.58
1950,1954,33,1983,1987,33.0699561952573,5.26863184095485,17.497753612,237182714.24
1950,1954,34,1984,1988,36.2552645906656,2.12681983322417,18.161251472,266561938.86
1950,1954,35,1985,1989,47.1094090743062,4.29552350168233,18.713750074,289640724.12
1950,1954,36,1986,1990,57.6151792108907,7.52059770727879,18.664234,287227783.84
1950,1954,37,1987,1991,65.8300930669913,7.42296176733872,18.778922956,291665916.48
1950,1954,38,1988,1992,78.0045439447383,3.44794338418478,18.549308538,282425767.36
1950,1954,39,1989,1993,74.8041336035553,4.59713157603381,17.970384306,256215321.58
1950,1954,40,1990,1994,92.7404126121007,2.94899005866391,17.5746001,238965499.4
1950,1954,41,1991,1995,108.884827766274,6.29501600794069,17.158282484,221036700.56
1950,1954,42,1992,1996,116.613600184196,9.93436771633697,17.077518564,217880569.14
1950,1954,43,1993,1997,132.192795584846,6.83936483739404,16.96100927,213645071.3
1950,1954,44,1994,1998,152.000988412598,6.66725934426111,16.773208962,206820467.62
1950,1954,45,1995,1999,160.857099322175,6.84447646053108,16.447651658,195303713.18
1950,1954,46,1996,2000,192.193539098909,14.6646432827659,16.550520314,199354433.02
1950,1954,47,1997,2001,193.262096086725,12.5067432134632,16.659467058,203646901.54
1950,1954,48,1998,2002,207.201121604878,4.85425859325863,16.923166544,213665828.06
1950,1954,49,1999,2003,218.640041097504,9.49320185182837,17.240202764,225644131.1
1950,1954,50,2000,2004,220.699477631286,8.5463122275594,17.776318156,245871159.82
1950,1954,51,2001,2005,229.911303102319,10.145208060346,17.924458626,252135314.78
1950,1954,52,2002,2006,229.793330738214,11.2533143376011,18.04720769,257300433.8
1950,1954,53,2003,2007,232.085951167413,5.60842745236411,18.1713881,262569623.08
1950,1954,54,2004,2008,238.78467100758,5.90731323797348,18.230008644,265034741.84
1950,1954,55,2005,2009,247.733653936793,6.6873885282625,18.176292926,262714045.82
1950,1954,56,2006,2010,256.336001047874,14.8518681088398,18.175382948,262673978.58
1950,1954,57,2007,2011,270.157956721053,10.0841296715957,18.192355304,263416217.24
1950,1954,58,2008,2012,278.548202154206,5.03493788924943,18.205956534,264015605.42
1950,1954,59,2009,2013,291.654504004629,4.82598921627303,18.346073608,270240058.22
1950,1954,60,2010,2014,312.704844174492,8.50876803243344,18.496905094,276932850.4
1950,1954,61,2011,2015,329.26810417074,11.3300929004051,18.576080372,280494027.16
1950,1954,62,2012,2016,336.698301533673,1.95891458954663,18.536193214,278760590.1
1950,1954,63,2013,2017,357.978605315329,15.2174891669946,18.580944548,280764268.1
1950,1954,64,2014,2018,361.92466342846,7.73941595108251,18.481687876,276306137.72
1950,1954,65,2015,2019,410.663123365029,NaN,18.358223536,270787111.36
1950,1954,66,2016,2020,398.181452609473,19.3838616513974,18.428108516,274058210.98
1950,1954,67,2017,2021,412.011966490245,20.4735145177442,18.535035638,278791381.22
1950,1954,68,2018,2022,422.482532883203,18.6508922162367,18.523022995,278311657.325
1950,1954,69,2019,2023,421.896721464149,35.1077193293421,18.6134288666667,282427661.666667
1950,1954,70,2020,2024,414.882229983641,48.296562735568,18.84669434,292939568.55
1950,1954,71,2021,2025,467.003563154543,NaN,18.63286057,282971951.5
1955,1959,14,1969,1973,0,NaN,16.95984284,214861227.8
1955,1959,15,1970,1974,0,0,17.142174576,221297772.98
1955,1959,16,1971,1975,0,0,17.36496771,230232310.76
1955,1959,17,1972,1976,0.124316260566882,0.248632521133764,16.946324852,213915913.76
1955,1959,18,1973,1977,0.3700564256905,0.581687152916458,17.113982798,220088423.06
1955,1959,19,1974,1978,0.40741051250051,0.227882413482809,17.17528981,222549301.22
1955,1959,20,1975,1979,0.30766032572502,0.281087261729946,17.432670924,232896101.5
1955,1959,21,1976,1980,0.705602434586828,0.566797841150138,17.536052116,237436565.16
1955,1959,22,1977,1981,0.605737669374332,0.424403216772543,17.76754236,245968139.38
1955,1959,23,1978,1982,2.26046730847327,0.826452651144548,17.536839924,237632071.74
1955,1959,24,1979,1983,2.80599350277781,0.986078993846283,17.345405328,230229323.96
1955,1959,25,1980,1984,3.03632662126326,1.5232444918027,17.005446238,216878700.2
1955,1959,26,1981,1985,6.49975279168793,0.988792229375683,17.17379289,224832511.32
1955,1959,27,1982,1986,8.23164119464725,1.85026734727095,17.083952384,221381173.58
1955,1959,28,1983,1987,11.3065776269638,2.29552495249933,17.497753612,237182714.24
1955,1959,29,1984,1988,11.4978815911714,1.10173329197854,18.161251472,266561938.86
1955,1959,30,1985,1989,15.8322665129603,2.45954163940021,18.713750074,289640724.12
1955,1959,31,1986,1990,21.3779098731447,2.2841453170642,18.664234,287227783.84
1955,1959,32,1987,1991,26.0098914408972,2.73124170073687,18.778922956,291665916.48
1955,1959,33,1988,1992,29.0023567041222,3.91283750604569,18.549308538,282425767.36
1955,1959,34,1989,1993,37.6761524168411,3.81626030230958,17.970384306,256215321.58
1955,1959,35,1990,1994,45.0247026581491,3.68096708558206,17.5746001,238965499.4
1955,1959,36,1991,1995,50.4604062213914,6.92494793419486,17.158282484,221036700.56
1955,1959,37,1992,1996,56.9122716757326,5.36132948024804,17.077518564,217880569.14
1955,1959,38,1993,1997,65.7490684086572,3.18982428412614,16.96100927,213645071.3
1955,1959,39,1994,1998,77.9783623999702,4.02175771045465,16.773208962,206820467.62
1955,1959,40,1995,1999,95.2024326552303,7.04188310874119,16.447651658,195303713.18
1955,1959,41,1996,2000,104.611443002803,4.10983266366387,16.550520314,199354433.02
1955,1959,42,1997,2001,118.854828092007,8.6071915616609,16.659467058,203646901.54
1955,1959,43,1998,2002,132.448988919702,7.41424799577318,16.923166544,213665828.06
1955,1959,44,1999,2003,148.704979801574,6.04153336094729,17.240202764,225644131.1
1955,1959,45,2000,2004,164.3253879578,3.05514624968392,17.776318156,245871159.82
1955,1959,46,2001,2005,176.732753616897,5.3511989492601,17.924458626,252135314.78
1955,1959,47,2002,2006,187.402429275159,7.11269700078308,18.04720769,257300433.8
1955,1959,48,2003,2007,201.507610653075,6.67689410050706,18.1713881,262569623.08
1955,1959,49,2004,2008,214.195849990723,8.56084850705669,18.230008644,265034741.84
1955,1959,50,2005,2009,226.049985254221,5.18711564414192,18.176292926,262714045.82
1955,1959,51,2006,2010,211.127615003446,4.1717892111685,18.175382948,262673978.58
1955,1959,52,2007,2011,222.16815200478,4.90049137171872,18.192355304,263416217.24
1955,1959,53,2008,2012,227.65186327095,7.72088717203633,18.205956534,264015605.42
1955,1959,54,2009,2013,241.464314835269,7.95290507905727,18.346073608,270240058.22
1955,1959,55,2010,2014,233.455360798903,3.41002298346043,18.496905094,276932850.4
1955,1959,56,2011,2015,253.076826003484,8.75002204166103,18.576080372,280494027.16
1955,1959,57,2012,2016,267.613993729597,6.30630051752976,18.536193214,278760590.1
1955,1959,58,2013,2017,272.758494545005,2.31692601623971,18.580944548,280764268.1
1955,1959,59,2014,2018,293.403326011594,3.56926208316661,18.481687876,276306137.72
1955,1959,60,2015,2019,317.233584462142,NaN,18.358223536,270787111.36
1955,1959,61,2016,2020,319.993832075332,11.9043146352821,18.428108516,274058210.98
1955,1959,62,2017,2021,339.517362623034,16.2294006446448,18.535035638,278791381.22
1955,1959,63,2018,2022,345.975313618319,20.0885236128178,18.523022995,278311657.325
1955,1959,64,2019,2023,354.353811087654,25.3381942268722,18.6134288666667,282427661.666667
1955,1959,65,2020,2024,396.318268717812,36.9220219858179,18.84669434,292939568.55
1955,1959,66,2021,2025,401.639697378406,NaN,18.63286057,282971951.5
1960,1964,9,1969,1973,0,NaN,16.95984284,214861227.8
1960,1964,10,1970,1974,0,0,17.142174576,221297772.98
1960,1964,11,1971,1975,0,0,17.36496771,230232310.76
1960,1964,12,1972,1976,0,0,16.946324852,213915913.76
1960,1964,13,1973,1977,0,0,17.113982798,220088423.06
1960,1964,14,1974,1978,0.105018299438677,0.23482805642631,17.17528981,222549301.22
1960,1964,15,1975,1979,0,0,17.432670924,232896101.5
1960,1964,16,1976,1980,0.102655176130618,0.229543952070277,17.536052116,237436565.16
1960,1964,17,1977,1981,0.205214653129685,0.281112962507953,17.76754236,245968139.38
1960,1964,18,1978,1982,0.105587143709382,0.236100030884217,17.536839924,237632071.74
1960,1964,19,1979,1983,0.303586668002735,0.277240141818316,17.345405328,230229323.96
1960,1964,20,1980,1984,0.211528291909043,0.472991639873038,17.005446238,216878700.2
1960,1964,21,1981,1985,0.310436427932515,0.283529022083422,17.17379289,224832511.32
1960,1964,22,1982,1986,1.33824667470821,0.79579534494067,17.083952384,221381173.58
1960,1964,23,1983,1987,1.1078442495299,0.837559911574653,17.497753612,237182714.24
1960,1964,24,1984,1988,2.04120867087197,1.10834823857343,18.161251472,266561938.86
1960,1964,25,1985,1989,4.46180542362914,1.33429566763667,18.713750074,289640724.12
1960,1964,26,1986,1990,4.13128464940501,2.04576607492889,18.664234,287227783.84
1960,1964,27,1987,1991,7.91983921143221,1.68754474701828,18.778922956,291665916.48
1960,1964,28,1988,1992,9.2713291257207,1.73311483938605,18.549308538,282425767.36
1960,1964,29,1989,1993,13.3682309078533,3.45527057093416,17.970384306,256215321.58
1960,1964,30,1990,1994,15.9421682226849,1.81351825626788,17.5746001,238965499.4
1960,1964,31,1991,1995,18.8660460766664,2.12416488820213,17.158282484,221036700.56
1960,1964,32,1992,1996,22.3528864974199,2.09996022135007,17.077518564,217880569.14
1960,1964,33,1993,1997,29.1782593334078,2.42506973974666,16.96100927,213645071.3
1960,1964,34,1994,1998,33.6915206442055,5.567128822541,16.773208962,206820467.62
1960,1964,35,1995,1999,44.3857646225773,4.80900456484214,16.447651658,195303713.18
1960,1964,36,1996,2000,48.6679055730022,2.59811094842716,16.550520314,199354433.02
1960,1964,37,1997,2001,61.007090326628,3.90866428506227,16.659467058,203646901.54
1960,1964,38,1998,2002,67.5141918810228,4.71537096120609,16.923166544,213665828.06
1960,1964,39,1999,2003,78.3320331854865,2.8936997976608,17.240202764,225644131.1
1960,1964,40,2000,2004,100.471336251345,4.380628346476,17.776318156,245871159.82
1960,1964,41,2001,2005,104.316500593884,2.68237316864209,17.924458626,252135314.78
1960,1964,42,2002,2006,118.567677484685,7.92059774329078,18.04720769,257300433.8
1960,1964,43,2003,2007,133.083062177284,4.53937520957836,18.1713881,262569623.08
1960,1964,44,2004,2008,149.2106773182,10.4357519927254,18.230008644,265034741.84
1960,1964,45,2005,2009,164.922527665918,4.65437864543102,18.176292926,262714045.82
1960,1964,46,2006,2010,173.941884744849,6.81676524208129,18.175382948,262673978.58
1960,1964,47,2007,2011,191.649667925745,5.25680364296565,18.192355304,263416217.24
1960,1964,48,2008,2012,203.515534862975,4.727045513034,18.205956534,264015605.42
1960,1964,49,2009,2013,209.068053003837,6.98338560284696,18.346073608,270240058.22
1960,1964,50,2010,2014,218.918695088321,3.19174903734635,18.496905094,276932850.4
1960,1964,51,2011,2015,226.820613224005,9.27878809193623,18.576080372,280494027.16
1960,1964,52,2012,2016,227.992809225106,12.0485224214961,18.536193214,278760590.1
1960,1964,53,2013,2017,229.136144082665,4.16983073528312,18.580944548,280764268.1
1960,1964,54,2014,2018,235.716368301911,3.80384662821059,18.481687876,276306137.72
1960,1964,55,2015,2019,239.388623774764,NaN,18.358223536,270787111.36
1960,1964,56,2016,2020,256.923486989658,7.82226659371522,18.428108516,274058210.98
1960,1964,57,2017,2021,269.779125020185,15.29068269556,18.535035638,278791381.22
1960,1964,58,2018,2022,276.499722685541,13.0439849757899,18.523022995,278311657.325
1960,1964,59,2019,2023,288.468138984307,12.481408771971,18.6134288666667,282427661.666667
1960,1964,60,2020,2024,290.236424664408,14.6932114414652,18.84669434,292939568.55
1960,1964,61,2021,2025,338.463811658089,NaN,18.63286057,282971951.5
1965,1969,4,1969,1973,0,NaN,16.95984284,214861227.8
1965,1969,5,1970,1974,0,0,17.142174576,221297772.98
1965,1969,6,1971,1975,0,0,17.36496771,230232310.76
1965,1969,7,1972,1976,0,0,16.946324852,213915913.76
1965,1969,8,1973,1977,0,0,17.113982798,220088423.06
1965,1969,9,1974,1978,0,0,17.17528981,222549301.22
1965,1969,10,1975,1979,0,0,17.432670924,232896101.5
1965,1969,11,1976,1980,0,0,17.536052116,237436565.16
1965,1969,12,1977,1981,0,0,17.76754236,245968139.38
1965,1969,13,1978,1982,0,0,17.536839924,237632071.74
1965,1969,14,1979,1983,0.115954800818641,0.259282816947929,17.345405328,230229323.96
1965,1969,15,1980,1984,0.115830563052367,0.259005012857168,17.005446238,216878700.2
1965,1969,16,1981,1985,0.119521436169577,0.267258056043576,17.17379289,224832511.32
1965,1969,17,1982,1986,0,0,17.083952384,221381173.58
1965,1969,18,1983,1987,0,0,17.497753612,237182714.24
1965,1969,19,1984,1988,0.109084562352736,0.243920496716532,18.161251472,266561938.86
1965,1969,20,1985,1989,0,0,18.713750074,289640724.12
1965,1969,21,1986,1990,0.68542528568723,0.727572112101183,18.664234,287227783.84
1965,1969,22,1987,1991,0.584177417379395,0.405567310543675,18.778922956,291665916.48
1965,1969,23,1988,1992,1.67160584786775,1.11893984501145,18.549308538,282425767.36
1965,1969,24,1989,1993,1.93812518403279,0.511500372330301,17.970384306,256215321.58
1965,1969,25,1990,1994,3.90868534915562,0.841489876082175,17.5746001,238965499.4
1965,1969,26,1991,1995,4.9805360440943,2.41490954204871,17.158282484,221036700.56
1965,1969,27,1992,1996,6.22888807368089,0.576896731784958,17.077518564,217880569.14
1965,1969,28,1993,1997,10.2933383870087,1.64073038874872,16.96100927,213645071.3
1965,1969,29,1994,1998,11.3632493136934,2.09504418387874,16.773208962,206820467.62
1965,1969,30,1995,1999,15.7568245848673,1.19232588100848,16.447651658,195303713.18
1965,1969,31,1996,2000,19.7413959914424,2.1784946590679,16.550520314,199354433.02
1965,1969,32,1997,2001,25.1965982475753,3.80098990868798,16.659467058,203646901.54
1965,1969,33,1998,2002,30.6567361296276,3.38107439255343,16.923166544,213665828.06
1965,1969,34,1999,2003,35.6899897532486,1.86008527227528,17.240202764,225644131.1
1965,1969,35,2000,2004,44.6470199392843,3.06184585636176,17.776318156,245871159.82
1965,1969,36,2001,2005,51.2253724581636,1.97026995776903,17.924458626,252135314.78
1965,1969,37,2002,2006,60.2402258791396,4.16328069000478,18.04720769,257300433.8
1965,1969,38,2003,2007,67.8342188449016,3.93189055963379,18.1713881,262569623.08
1965,1969,39,2004,2008,77.8889468661324,4.47178269341795,18.230008644,265034741.84
1965,1969,40,2005,2009,105.088137849054,2.13382387679743,18.176292926,262714045.82
1965,1969,41,2006,2010,107.528844118155,3.8993354732553,18.175382948,262673978.58
1965,1969,42,2007,2011,120.44082567414,4.48964167076991,18.192355304,263416217.24
1965,1969,43,2008,2012,130.144040866549,5.64056343446585,18.205956534,264015605.42
1965,1969,44,2009,2013,147.154277854977,3.09138944662024,18.346073608,270240058.22
1965,1969,45,2010,2014,164.142941236294,6.64166752388043,18.496905094,276932850.4
1965,1969,46,2011,2015,178.674477522325,5.57453227501224,18.576080372,280494027.16
1965,1969,47,2012,2016,187.814612792859,6.41087235444532,18.536193214,278760590.1
1965,1969,48,2013,2017,204.896989296309,2.05698179819801,18.580944548,280764268.1
1965,1969,49,2014,2018,212.416488940194,8.07120563201691,18.481687876,276306137.72
1965,1969,50,2015,2019,227.603640366878,NaN,18.358223536,270787111.36
1965,1969,51,2016,2020,228.603088025757,3.98577367766075,18.428108516,274058210.98
1965,1969,52,2017,2021,237.296739974534,16.7591829581867,18.535035638,278791381.22
1965,1969,53,2018,2022,234.646212688148,13.2838468789236,18.523022995,278311657.325
1965,1969,54,2019,2023,232.756524341512,15.2780423179854,18.6134288666667,282427661.666667
1965,1969,55,2020,2024,240.620466264012,25.4515653806384,18.84669434,292939568.55
1965,1969,56,2021,2025,263.923798144476,NaN,18.63286057,282971951.5
1970,1974,0,1970,1974,0,0,17.142174576,221297772.98
1970,1974,1,1971,1975,0,0,17.36496771,230232310.76
1970,1974,2,1972,1976,0,0,16.946324852,213915913.76
1970,1974,3,1973,1977,0,0,17.113982798,220088423.06
1970,1974,4,1974,1978,0,0,17.17528981,222549301.22
1970,1974,5,1975,1979,0,0,17.432670924,232896101.5
1970,1974,6,1976,1980,0,0,17.536052116,237436565.16
1970,1974,7,1977,1981,0,0,17.76754236,245968139.38
1970,1974,8,1978,1982,0,0,17.536839924,237632071.74
1970,1974,9,1979,1983,0,0,17.345405328,230229323.96
1970,1974,10,1980,1984,0,0,17.005446238,216878700.2
1970,1974,11,1981,1985,0,0,17.17379289,224832511.32
1970,1974,12,1982,1986,0,0,17.083952384,221381173.58
1970,1974,13,1983,1987,0,0,17.497753612,237182714.24
1970,1974,14,1984,1988,0,0,18.161251472,266561938.86
1970,1974,15,1985,1989,0,0,18.713750074,289640724.12
1970,1974,16,1986,1990,0,0,18.664234,287227783.84
1970,1974,17,1987,1991,0.252118925511261,0.345404183893618,18.778922956,291665916.48
1970,1974,18,1988,1992,0,0,18.549308538,282425767.36
1970,1974,19,1989,1993,0.0868048020416489,0.19410143813854,17.970384306,256215321.58
1970,1974,20,1990,1994,0.342791558972267,0.562144266252108,17.5746001,238965499.4
1970,1974,21,1991,1995,0.505166186985318,0.548652392591732,17.158282484,221036700.56
1970,1974,22,1992,1996,1.67380134390639,1.09678114759048,17.077518564,217880569.14
1970,1974,23,1993,1997,1.77114643756836,0.981436993856607,16.96100927,213645071.3
1970,1974,24,1994,1998,2.77747827999017,1.58291973882884,16.773208962,206820467.62
1970,1974,25,1995,1999,4.00948582630951,1.82442619648728,16.447651658,195303713.18
1970,1974,26,1996,2000,5.60006690159744,1.25369839463591,16.550520314,199354433.02
1970,1974,27,1997,2001,6.80503259600961,1.05962550875364,16.659467058,203646901.54
1970,1974,28,1998,2002,9.941214077934,2.65697863832349,16.923166544,213665828.06
1970,1974,29,1999,2003,13.2113863753048,0.718623647022232,17.240202764,225644131.1
1970,1974,30,2000,2004,16.4445178116125,2.25916933944667,17.776318156,245871159.82
1970,1974,31,2001,2005,21.068032132233,1.82099085181706,17.924458626,252135314.78
1970,1974,32,2002,2006,25.515928069915,3.02316530260615,18.04720769,257300433.8
1970,1974,33,2003,2007,31.2845289178879,1.43120217234856,18.1713881,262569623.08
1970,1974,34,2004,2008,38.6908427879458,1.76582289121161,18.230008644,265034741.84
1970,1974,35,2005,2009,46.4866557143693,1.85396358899809,18.176292926,262714045.82
1970,1974,36,2006,2010,49.9695192132414,2.67990926787765,18.175382948,262673978.58
1970,1974,37,2007,2011,61.193159330316,4.945963226069,18.192355304,263416217.24
1970,1974,38,2008,2012,65.6878981788243,6.50121328698917,18.205956534,264015605.42
1970,1974,39,2009,2013,79.0551365694306,5.08751560785869,18.346073608,270240058.22
1970,1974,40,2010,2014,105.004878835755,2.07587410524238,18.496905094,276932850.4
1970,1974,41,2011,2015,110.624887802322,2.13302429995889,18.576080372,280494027.16
1970,1974,42,2012,2016,123.093950329557,5.57023323024755,18.536193214,278760590.1
1970,1974,43,2013,2017,137.618847105069,1.75339714735258,18.580944548,280764268.1
1970,1974,44,2014,2018,146.78452354175,0.101734060883493,18.481687876,276306137.72
1970,1974,45,2015,2019,173.324055336019,NaN,18.358223536,270787111.36
1970,1974,46,2016,2020,182.306538612297,8.59187457907391,18.428108516,274058210.98
1970,1974,47,2017,2021,200.589586038746,6.98841671909834,18.535035638,278791381.22
1970,1974,48,2018,2022,217.076129222204,7.23625714623876,18.523022995,278311657.325
1970,1974,49,2019,2023,221.240773347867,4.71794728615273,18.6134288666667,282427661.666667
1970,1974,50,2020,2024,234.306316168231,20.6338980791325,18.84669434,292939568.55
1970,1974,51,2021,2025,243.903147502825,NaN,18.63286057,282971951.5
1975,1979,0,1975,1979,0,0,17.432670924,232896101.5
1975,1979,1,1976,1980,0,0,17.536052116,237436565.16
1975,1979,2,1977,1981,0,0,17.76754236,245968139.38
1975,1979,3,1978,1982,0,0,17.536839924,237632071.74
1975,1979,4,1979,1983,0,0,17.345405328,230229323.96
1975,1979,5,1980,1984,0,0,17.005446238,216878700.2
1975,1979,6,1981,1985,0,0,17.17379289,224832511.32
1975,1979,7,1982,1986,0,0,17.083952384,221381173.58
1975,1979,8,1983,1987,0,0,17.497753612,237182714.24
1975,1979,9,1984,1988,0,0,18.161251472,266561938.86
1975,1979,10,1985,1989,0,0,18.713750074,289640724.12
1975,1979,11,1986,1990,0,0,18.664234,287227783.84
1975,1979,12,1987,1991,0,0,18.778922956,291665916.48
1975,1979,13,1988,1992,0,0,18.549308538,282425767.36
1975,1979,14,1989,1993,0.126660840268014,0.283222248926523,17.970384306,256215321.58
1975,1979,15,1990,1994,0,0,17.5746001,238965499.4
1975,1979,16,1991,1995,0,0,17.158282484,221036700.56
1975,1979,17,1992,1996,0,0,17.077518564,217880569.14
1975,1979,18,1993,1997,0,0,16.96100927,213645071.3
1975,1979,19,1994,1998,0.660752214091286,0.465848210607177,16.773208962,206820467.62
1975,1979,20,1995,1999,0.655584499942003,0.367743806753981,16.447651658,195303713.18
1975,1979,21,1996,2000,0.76128996910468,0.378424474131308,16.550520314,199354433.02
1975,1979,22,1997,2001,1.46918245546071,0.527493003419152,16.659467058,203646901.54
1975,1979,23,1998,2002,1.90073437774481,0.435032942243295,16.923166544,213665828.06
1975,1979,24,1999,2003,2.98556580391108,0.809620508446857,17.240202764,225644131.1
1975,1979,25,2000,2004,4.09061663044711,0.747554387615931,17.776318156,245871159.82
1975,1979,26,2001,2005,5.05416470448635,0.62113761258521,17.924458626,252135314.78
1975,1979,27,2002,2006,8.75496086964086,0.471890151374552,18.04720769,257300433.8
1975,1979,28,2003,2007,11.4192375195398,0.862289790195655,18.1713881,262569623.08
1975,1979,29,2004,2008,12.5719685017642,1.14090433058282,18.230008644,265034741.84
1975,1979,30,2005,2009,16.8086384569652,2.44752404776201,18.176292926,262714045.82
1975,1979,31,2006,2010,21.9886929929705,2.20867306655301,18.175382948,262673978.58
1975,1979,32,2007,2011,27.1125146084695,1.40696268207292,18.192355304,263416217.24
1975,1979,33,2008,2012,29.6296819174803,3.98962955513896,18.205956534,264015605.42
1975,1979,34,2009,2013,38.2900756882356,2.93180123400603,18.346073608,270240058.22
1975,1979,35,2010,2014,44.6555318495298,2.80086390254473,18.496905094,276932850.4
1975,1979,36,2011,2015,53.5439086956417,2.93570395543929,18.576080372,280494027.16
1975,1979,37,2012,2016,61.6800489174473,4.0845599142005,18.536193214,278760590.1
1975,1979,38,2013,2017,67.3323111084949,4.20582736707735,18.580944548,280764268.1
1975,1979,39,2014,2018,81.7634371274972,4.1703236090517,18.481687876,276306137.72
1975,1979,40,2015,2019,107.549935766367,NaN,18.358223536,270787111.36
1975,1979,41,2016,2020,115.817563761748,7.25536126487315,18.428108516,274058210.98
1975,1979,42,2017,2021,126.939492837331,5.05684384520837,18.535035638,278791381.22
1975,1979,43,2018,2022,144.590857822152,4.51318644796098,18.523022995,278311657.325
1975,1979,44,2019,2023,157.106618058745,10.2619863505054,18.6134288666667,282427661.666667
1975,1979,45,2020,2024,173.427413170197,5.82161068957513,18.84669434,292939568.55
1975,1979,46,2021,2025,197.807148830593,NaN,18.63286057,282971951.5
1980,1984,0,1980,1984,0,0,17.005446238,216878700.2
1980,1984,1,1981,1985,0,0,17.17379289,224832511.32
1980,1984,2,1982,1986,0,0,17.083952384,221381173.58
1980,1984,3,1983,1987,0,0,17.497753612,237182714.24
1980,1984,4,1984,1988,0,0,18.161251472,266561938.86
1980,1984,5,1985,1989,0,0,18.713750074,289640724.12
1980,1984,6,1986,1990,0,0,18.664234,287227783.84
1980,1984,7,1987,1991,0,0,18.778922956,291665916.48
1980,1984,8,1988,1992,0,0,18.549308538,282425767.36
1980,1984,9,1989,1993,0,0,17.970384306,256215321.58
1980,1984,10,1990,1994,0,0,17.5746001,238965499.4
1980,1984,11,1991,1995,0.0801776737249745,0.179282728726842,17.158282484,221036700.56
1980,1984,12,1992,1996,0,0,17.077518564,217880569.14
1980,1984,13,1993,1997,0,0,16.96100927,213645071.3
1980,1984,14,1994,1998,0.0758348468704854,0.169571872665693,16.773208962,206820467.62
1980,1984,15,1995,1999,0.151999230378855,0.20814457173317,16.447651658,195303713.18
1980,1984,16,1996,2000,0.0753463104795416,0.16847947208606,16.550520314,199354433.02
1980,1984,17,1997,2001,0.184014026318567,0.184744503071058,16.659467058,203646901.54
1980,1984,18,1998,2002,0.150650492936324,0.160465439681195,16.923166544,213665828.06
1980,1984,19,1999,2003,0.110782397653913,0.16492245626995,17.240202764,225644131.1
1980,1984,20,2000,2004,0.326717742121998,0.298642470298381,17.776318156,245871159.82
1980,1984,21,2001,2005,0.714680474647389,0.174419883132151,17.924458626,252135314.78
1980,1984,22,2002,2006,1.41417666573061,0.532720712285138,18.04720769,257300433.8
1980,1984,23,2003,2007,1.63426927865783,0.824687791042059,18.1713881,262569623.08
1980,1984,24,2004,2008,3.63749996574383,0.890731603226255,18.230008644,265034741.84
1980,1984,25,2005,2009,5.3953116171487,0.591732975904809,18.176292926,262714045.82
1980,1984,26,2006,2010,6.52507398522605,0.798455769998531,18.175382948,262673978.58
1980,1984,27,2007,2011,7.59665125857588,1.06455608854631,18.192355304,263416217.24
1980,1984,28,2008,2012,11.6833789078857,1.69808032397244,18.205956534,264015605.42
1980,1984,29,2009,2013,14.3653382031575,1.54029659712841,18.346073608,270240058.22
1980,1984,30,2010,2014,19.6944198086317,0.794179292530197,18.496905094,276932850.4
1980,1984,31,2011,2015,22.7408699660789,1.98681559130686,18.576080372,280494027.16
1980,1984,32,2012,2016,28.4348605652155,3.47013223108973,18.536193214,278760590.1
1980,1984,33,2013,2017,30.5677285760812,1.40792954097662,18.580944548,280764268.1
1980,1984,34,2014,2018,36.8701239554746,1.55859646487852,18.481687876,276306137.72
1980,1984,35,2015,2019,41.1326254022883,NaN,18.358223536,270787111.36
1980,1984,36,2016,2020,55.6126790514466,2.05883599258207,18.428108516,274058210.98
1980,1984,37,2017,2021,62.3617167427795,4.14662425651278,18.535035638,278791381.22
1980,1984,38,2018,2022,73.7117639339518,3.67226274300531,18.523022995,278311657.325
1980,1984,39,2019,2023,82.1519038847727,2.07893898018304,18.6134288666667,282427661.666667
1980,1984,40,2020,2024,117.645962644418,15.0463340488777,18.84669434,292939568.55
1980,1984,41,2021,2025,125.720547616188,NaN,18.63286057,282971951.5
1985,1989,0,1985,1989,0,0,18.713750074,289640724.12
1985,1989,1,1986,1990,0,0,18.664234,287227783.84
1985,1989,2,1987,1991,0,0,18.778922956,291665916.48
1985,1989,3,1988,1992,0,0,18.549308538,282425767.36
1985,1989,4,1989,1993,0,0,17.970384306,256215321.58
1985,1989,5,1990,1994,0,0,17.5746001,238965499.4
1985,1989,6,1991,1995,0,0,17.158282484,221036700.56
1985,1989,7,1992,1996,0,0,17.077518564,217880569.14
1985,1989,8,1993,1997,0,0,16.96100927,213645071.3
1985,1989,9,1994,1998,0,0,16.773208962,206820467.62
1985,1989,10,1995,1999,0,0,16.447651658,195303713.18
1985,1989,11,1996,2000,0,0,16.550520314,199354433.02
1985,1989,12,1997,2001,0.0741364035689265,0.165774037987478,16.659467058,203646901.54
1985,1989,13,1998,2002,0.0745803920691211,0.166766826455141,16.923166544,213665828.06
1985,1989,14,1999,2003,0.142563074941589,0.19562512438376,17.240202764,225644131.1
1985,1989,15,2000,2004,0.104479988889369,0.154688102834602,17.776318156,245871159.82
1985,1989,16,2001,2005,0.140357371602812,0.192196004317265,17.924458626,252135314.78
1985,1989,17,2002,2006,0.103793574780425,0.0948223602035136,18.04720769,257300433.8
1985,1989,18,2003,2007,0.241186071616316,0.229112534959437,18.1713881,262569623.08
1985,1989,19,2004,2008,0.251550865243697,0.205100267993079,18.230008644,265034741.84
1985,1989,20,2005,2009,0.418238044192793,0.311116836655177,18.176292926,262714045.82
1985,1989,21,2006,2010,1.0130493252223,0.463992533845798,18.175382948,262673978.58
1985,1989,22,2007,2011,1.10036840038498,0.488710889459402,18.192355304,263416217.24
1985,1989,23,2008,2012,1.75475465596982,0.803747299549121,18.205956534,264015605.42
1985,1989,24,2009,2013,3.037239465128,0.498686806901207,18.346073608,270240058.22
1985,1989,25,2010,2014,4.9681579881928,0.778506072393281,18.496905094,276932850.4
1985,1989,26,2011,2015,6.50798123118304,1.10332798456333,18.576080372,280494027.16
1985,1989,27,2012,2016,8.58799996722932,1.45218713725451,18.536193214,278760590.1
1985,1989,28,2013,2017,11.5977350907646,1.28176999999881,18.580944548,280764268.1
1985,1989,29,2014,2018,15.227153778802,1.39070312238568,18.481687876,276306137.72
1985,1989,30,2015,2019,19.4743220602223,NaN,18.358223536,270787111.36
1985,1989,31,2016,2020,24.563877425163,0.967680162368875,18.428108516,274058210.98
1985,1989,32,2017,2021,30.3020225253375,2.08360871841602,18.535035638,278791381.22
1985,1989,33,2018,2022,37.6462179907057,1.81100939471575,18.523022995,278311657.325
1985,1989,34,2019,2023,42.3039270128924,1.64051206829689,18.6134288666667,282427661.666667
1985,1989,35,2020,2024,52.5928793945156,0.897885252787858,18.84669434,292939568.55
1985,1989,36,2021,2025,57.0090008441717,NaN,18.63286057,282971951.5
1990,1994,0,1990,1994,0,0,17.5746001,238965499.4
1990,1994,1,1991,1995,0,0,17.158282484,221036700.56
1990,1994,2,1992,1996,0,0,17.077518564,217880569.14
1990,1994,3,1993,1997,0,0,16.96100927,213645071.3
1990,1994,4,1994,1998,0,0,16.773208962,206820467.62
1990,1994,5,1995,1999,0,0,16.447651658,195303713.18
1990,1994,6,1996,2000,0,0,16.550520314,199354433.02
1990,1994,7,1997,2001,0,0,16.659467058,203646901.54
1990,1994,8,1998,2002,0,0,16.923166544,213665828.06
1990,1994,9,1999,2003,0,0,17.240202764,225644131.1
1990,1994,10,2000,2004,0,0,17.776318156,245871159.82
1990,1994,11,2001,2005,0,0,17.924458626,252135314.78
1990,1994,12,2002,2006,0.0661172313953584,0.0905650951714779,18.04720769,257300433.8
1990,1994,13,2003,2007,0.0324043019951329,0.0724582220245492,18.1713881,262569623.08
1990,1994,14,2004,2008,0,0,18.230008644,265034741.84
1990,1994,15,2005,2009,0.131447116797086,0.137933247173148,18.176292926,262714045.82
1990,1994,16,2006,2010,0.0652396004562226,0.0893447114086901,18.175382948,262673978.58
1990,1994,17,2007,2011,0.095999783833116,0.142949851282589,18.192355304,263416217.24
1990,1994,18,2008,2012,0.229676349909853,0.190360081235019,18.205956534,264015605.42
1990,1994,19,2009,2013,0.395344191799985,0.246527206214842,18.346073608,270240058.22
1990,1994,20,2010,2014,0.493142522310655,0.200687738940068,18.496905094,276932850.4
1990,1994,21,2011,2015,0.708593893798834,0.200104347278398,18.576080372,280494027.16
1990,1994,22,2012,2016,1.51359331567752,0.68186301165658,18.536193214,278760590.1
1990,1994,23,2013,2017,2.30281974232952,0.834767466061079,18.580944548,280764268.1
1990,1994,24,2014,2018,3.32024557946096,0.407532852992271,18.481687876,276306137.72
1990,1994,25,2015,2019,4.80513669112281,NaN,18.358223536,270787111.36
1990,1994,26,2016,2020,6.82248606128221,1.31967470106682,18.428108516,274058210.98
1990,1994,27,2017,2021,10.5325585295778,0.544113815242609,18.535035638,278791381.22
1990,1994,28,2018,2022,13.3948939422743,0.766534654399119,18.523022995,278311657.325
1990,1994,29,2019,2023,16.5546302570408,1.20779184875911,18.6134288666667,282427661.666667
1990,1994,30,2020,2024,20.8261507315399,1.71559178987189,18.84669434,292939568.55
1990,1994,31,2021,2025,25.9855582248594,NaN,18.63286057,282971951.5
1995,1999,0,1995,1999,0,0,16.447651658,195303713.18
1995,1999,1,1996,2000,0,0,16.550520314,199354433.02
1995,1999,2,1997,2001,0,0,16.659467058,203646901.54
1995,1999,3,1998,2002,0,0,16.923166544,213665828.06
1995,1999,4,1999,2003,0,0,17.240202764,225644131.1
1995,1999,5,2000,2004,0,0,17.776318156,245871159.82
1995,1999,6,2001,2005,0,0,17.924458626,252135314.78
1995,1999,7,2002,2006,0,0,18.04720769,257300433.8
1995,1999,8,2003,2007,0,0,18.1713881,262569623.08
1995,1999,9,2004,2008,0,0,18.230008644,265034741.84
1995,1999,10,2005,2009,0.0348136685425432,0.0778457294072726,18.176292926,262714045.82
1995,1999,11,2006,2010,0,0,18.175382948,262673978.58
1995,1999,12,2007,2011,0,0,18.192355304,263416217.24
1995,1999,13,2008,2012,0.0684471940496739,0.0937450060196609,18.205956534,264015605.42
1995,1999,14,2009,2013,0.034706435614356,0.0776059492904196,18.346073608,270240058.22
1995,1999,15,2010,2014,0.102493794622435,0.153478245060734,18.496905094,276932850.4
1995,1999,16,2011,2015,0,0,18.576080372,280494027.16
1995,1999,17,2012,2016,0.0847717438165534,0.0979034532094046,18.536193214,278760590.1
1995,1999,18,2013,2017,0.285050066300623,0.260081309673507,18.580944548,280764268.1
1995,1999,19,2014,2018,0.177202224951136,0.250601789808585,18.481687876,276306137.72
1995,1999,20,2015,2019,0.171654075840204,NaN,18.358223536,270787111.36
1995,1999,21,2016,2020,0.825528546511273,0.056957816647108,18.428108516,274058210.98
1995,1999,22,2017,2021,1.46717796600673,0.353396847324472,18.535035638,278791381.22
1995,1999,23,2018,2022,2.00062288498194,0.127058094933085,18.523022995,278311657.325
1995,1999,24,2019,2023,3.97618758966081,0.646368863921862,18.6134288666667,282427661.666667
1995,1999,25,2020,2024,5.86657519379029,0.0470167248513006,18.84669434,292939568.55
1995,1999,26,2021,2025,7.58652146751423,NaN,18.63286057,282971951.5
2000,2004,0,2000,2004,0,0,17.776318156,245871159.82
2000,2004,1,2001,2005,0,0,17.924458626,252135314.78
2000,2004,2,2002,2006,0,0,18.04720769,257300433.8
2000,2004,3,2003,2007,0,0,18.1713881,262569623.08
2000,2004,4,2004,2008,0,0,18.230008644,265034741.84
2000,2004,5,2005,2009,0,0,18.176292926,262714045.82
2000,2004,6,2006,2010,0,0,18.175382948,262673978.58
2000,2004,7,2007,2011,0,0,18.192355304,263416217.24
2000,2004,8,2008,2012,0,0,18.205956534,264015605.42
2000,2004,9,2009,2013,0.035631188692086,0.079673760034626,18.346073608,270240058.22
2000,2004,10,2010,2014,0,0,18.496905094,276932850.4
2000,2004,11,2011,2015,0,0,18.576080372,280494027.16
2000,2004,12,2012,2016,0,0,18.536193214,278760590.1
2000,2004,13,2013,2017,0,0,18.580944548,280764268.1
2000,2004,14,2014,2018,0,0,18.481687876,276306137.72
2000,2004,15,2015,2019,0,NaN,18.358223536,270787111.36
2000,2004,16,2016,2020,0.0767491676403852,0.079829425734616,18.428108516,274058210.98
2000,2004,17,2017,2021,0.116478517501131,0.160650285017372,18.535035638,278791381.22
2000,2004,18,2018,2022,0.192813138510726,0.1341151634354,18.523022995,278311657.325
2000,2004,19,2019,2023,0.753028392846737,0.288079238391686,18.6134288666667,282427661.666667
2000,2004,20,2020,2024,0.441294045039546,0.0679868264121766,18.84669434,292939568.55
2000,2004,21,2021,2025,1.07627670878496,NaN,18.63286057,282971951.5
2005,2009,0,2005,2009,0,0,18.176292926,262714045.82
2005,2009,1,2006,2010,0,0,18.175382948,262673978.58
2005,2009,2,2007,2011,0.0358781077168428,0.0802258877589203,18.192355304,263416217.24
2005,2009,3,2008,2012,0,0,18.205956534,264015605.42
2005,2009,4,2009,2013,0,0,18.346073608,270240058.22
2005,2009,5,2010,2014,0,0,18.496905094,276932850.4
2005,2009,6,2011,2015,0,0,18.576080372,280494027.16
2005,2009,7,2012,2016,0,0,18.536193214,278760590.1
2005,2009,8,2013,2017,0.0573821242059031,0.0993887545708521,18.580944548,280764268.1
2005,2009,9,2014,2018,0,0,18.481687876,276306137.72
2005,2009,10,2015,2019,0,NaN,18.358223536,270787111.36
2005,2009,11,2016,2020,0.0193867768611063,0.0433501509260538,18.428108516,274058210.98
2005,2009,12,2017,2021,0.0191098078222176,0.0427308293274359,18.535035638,278791381.22
2005,2009,13,2018,2022,0.0236854571293226,0.0473709142586452,18.523022995,278311657.325
2005,2009,14,2019,2023,0,0,18.6134288666667,282427661.666667
2005,2009,15,2020,2024,0.0476911748434776,0.0674455062691525,18.84669434,292939568.55
2005,2009,16,2021,2025,0,NaN,18.63286057,282971951.5
